INSERT INTO `Users` (`id`, `first_name`, `last_name`, `email`, `password`, `user_type`, `phone`, `last_update`) VALUES (1, 'Wilma', 'Turcotte', 'admin@email.com', '$2b$10$h4fpDGvt1iElLwlqZsVM.ORstlu9mD7m27ET13j5e7.mHrwcYYLXy', 'Admin', '123-456-7890', '2023-12-20 04:49:13');
INSERT INTO `Users` (`id`, `first_name`, `last_name`, `email`, `password`, `user_type`, `phone`, `last_update`) VALUES (2, 'Nola', 'Torphy', 'coach@email.com', '$2b$10$h4fpDGvt1iElLwlqZsVM.ORstlu9mD7m27ET13j5e7.mHrwcYYLXy', 'Coach', '111-222-3333', '2023-12-20 04:49:13');
INSERT INTO `Users` (`id`, `first_name`, `last_name`, `email`, `password`, `user_type`, `phone`, `last_update`) VALUES (3, 'Eddie', 'Runte', 'client@email.com', '$2b$10$h4fpDGvt1iElLwlqZsVM.ORstlu9mD7m27ET13j5e7.mHrwcYYLXy', 'Client', '999-999-9999', '2023-12-20 04:49:13');

INSERT INTO `Users` (`id`, `first_name`, `last_name`, `email`, `password`, `user_type`, `phone`, `last_update`) VALUES (4, 'Kimberly', 'Weimann', 'mohr.icie@example.net', '9bb8ebe0148de1875e7d4a5d86b95b3e3548b0c9', 'Client', '+58(0)5261015699', '2023-12-20 04:49:13');
INSERT INTO `Users` (`id`, `first_name`, `last_name`, `email`, `password`, `user_type`, `phone`, `last_update`) VALUES (5, 'Gerda', 'Tremblay', 'laurianne61@example.org', 'a3d8068c98c8d72ac0400be472cb2317361554ae', 'Client', '1-021-268-8521', '2023-12-20 04:49:13');
INSERT INTO `Users` (`id`, `first_name`, `last_name`, `email`, `password`, `user_type`, `phone`, `last_update`) VALUES (6, 'Aida', 'Moen', 'dariana.rempel@example.com', 'd7a81f2f70de28b3f763056488f93e2921401dbb', 'Client', '1-860-393-3090', '2023-12-20 04:49:13');
INSERT INTO `Users` (`id`, `first_name`, `last_name`, `email`, `password`, `user_type`, `phone`, `last_update`) VALUES (7, 'Lillie', 'Wisoky', 'kuvalis.toy@example.com', 'd88c252fe35c8256db10538dea29431eb5fda0c5', 'Client', '(839)537-5397', '2023-12-20 04:49:13');
INSERT INTO `Users` (`id`, `first_name`, `last_name`, `email`, `password`, `user_type`, `phone`, `last_update`) VALUES (8, 'Patrick', 'Ernser', 'sydnee.howe@example.org', '42937e5d364a2086eaddc10129b529ca2cf51d7e', 'Client', '1-654-763-2368', '2023-12-20 04:49:13');
INSERT INTO `Users` (`id`, `first_name`, `last_name`, `email`, `password`, `user_type`, `phone`, `last_update`) VALUES (9, 'Dexter', 'Boyle', 'howell41@example.net', '1e5a301a93d442d4ca29def61a6417153ef87a0c', 'Client', '1-091-216-1760x700', '2023-12-20 04:49:13');
INSERT INTO `Users` (`id`, `first_name`, `last_name`, `email`, `password`, `user_type`, `phone`, `last_update`) VALUES (10, 'Berneice', 'Muller', 'fbecker@example.org', '18fb3eaab32721232ba6776df710a7165cd28c69', 'Client', '08591433555', '2023-12-20 04:49:13');
INSERT INTO `Users` (`id`, `first_name`, `last_name`, `email`, `password`, `user_type`, `phone`, `last_update`) VALUES (11, 'Barton', 'Kertzmann', 'ollie.nienow@example.net', '9e42805442edcb58492f8ff5e6cd59a57ae57ef7', 'Client', '1-248-378-5532x34784', '2023-12-20 04:49:13');
INSERT INTO `Users` (`id`, `first_name`, `last_name`, `email`, `password`, `user_type`, `phone`, `last_update`) VALUES (12, 'Cora', 'Price', 'olson.eric@example.org', '50e828ed1a285febd6cf401db22d505d0cac6ccd', 'Client', '1-469-261-0698x337', '2023-12-20 04:49:13');

INSERT INTO `Coach_Request` VALUES (2,4,1,0,'2023-12-20 05:42:38');
INSERT INTO `Coach_Request` VALUES (2,5,1,0,'2023-12-20 05:42:38');
INSERT INTO `Coach_Request` VALUES (2,6,1,0,'2023-12-20 05:42:38');
INSERT INTO `Coach_Request` VALUES (2,7,1,0,'2023-12-20 05:42:38');
INSERT INTO `Coach_Request` VALUES (2,8,1,0,'2023-12-20 05:42:38');
INSERT INTO `Coach_Request` VALUES (2,9,0,1,'2023-12-20 05:42:38');
INSERT INTO `Coach_Request` VALUES (2,10,0,1,'2023-12-20 05:42:38');
INSERT INTO `Coach_Request` VALUES (2,11,0,1,'2023-12-20 05:42:38');
INSERT INTO `Coach_Request` VALUES (2,12,0,1,'2023-12-20 05:42:38');

INSERT INTO `Chat` VALUES (1,2,4,'2023-12-20 05:45:47');
INSERT INTO `Chat` VALUES (2,2,5,'2023-12-20 05:45:47');
INSERT INTO `Chat` VALUES (3,2,6,'2023-12-20 05:45:47');
INSERT INTO `Chat` VALUES (4,2,7,'2023-12-20 05:45:47');
INSERT INTO `Chat` VALUES (5,2,8,'2023-12-20 05:45:47');

INSERT INTO `Workout` VALUES (1,3,3,'occaecati','Sed autem ut soluta non nesciunt.','2023-12-20 06:35:48'),(2,3,3,'alias','Ex voluptates nulla nulla unde.','2023-12-20 06:35:48'),(3,3,3,'et','Impedit impedit occaecati quibusdam maxime minima facilis.','2023-12-20 06:35:48');
INSERT INTO `Workout_Exercise` VALUES (1,4,1,3,8,'2023-12-20 06:43:56'),(1,113,2,2,7,'2023-12-20 06:43:56'),(1,149,3,2,5,'2023-12-20 06:43:56'),(2,173,1,4,13,'2023-12-20 06:43:56'),(2,209,2,2,9,'2023-12-20 06:43:56'),(2,92,3,4,14,'2023-12-20 06:43:56'),(3,118,1,3,14,'2023-12-20 06:43:56'),(3,132,2,2,15,'2023-12-20 06:43:56'),(3,133,3,5,14,'2023-12-20 06:43:56'),(3,174,4,5,11,'2023-12-20 06:43:56');
INSERT INTO `WorkoutCalendar` VALUES (1,3,3,1,'2023-12-20 06:42:13'),(2,3,3,3,'2023-12-20 06:42:13'),(3,3,3,5,'2023-12-20 06:42:13');

INSERT INTO `WorkoutSession` VALUES (1,1,3,'2023-02-05','2023-12-20 06:46:33'),(2,3,3,'2023-03-02','2023-12-20 06:46:33'),(3,1,3,'2023-08-07','2023-12-20 06:46:33'),(4,1,3,'2023-09-19','2023-12-20 06:46:33'),(5,3,3,'2023-04-28','2023-12-20 06:46:33'),(6,3,3,'2023-07-10','2023-12-20 06:46:33'),(7,3,3,'2023-05-25','2023-12-20 06:46:33'),(8,3,3,'2023-05-06','2023-12-20 06:46:33'),(9,1,3,'2023-09-06','2023-12-20 06:46:33'),(10,3,3,'2023-11-20','2023-12-20 06:46:33'),(11,1,3,'2023-05-09','2023-12-20 06:46:33'),(12,1,3,'2023-02-03','2023-12-20 06:46:33'),(13,3,3,'2023-07-18','2023-12-20 06:46:33'),(14,1,3,'2023-11-11','2023-12-20 06:46:33'),(15,3,3,'2023-01-21','2023-12-20 06:46:33'),(16,1,3,'2023-09-15','2023-12-20 06:46:33'),(17,3,3,'2023-08-26','2023-12-20 06:46:33'),(18,3,3,'2023-07-03','2023-12-20 06:46:33'),(19,3,3,'2023-09-14','2023-12-20 06:46:33'),(20,3,3,'2023-09-26','2023-12-20 06:46:33'),(21,3,3,'2023-02-17','2023-12-20 06:46:33'),(22,3,3,'2023-03-12','2023-12-20 06:46:33'),(23,1,3,'2023-06-05','2023-12-20 06:46:33'),(24,1,3,'2023-07-25','2023-12-20 06:46:33'),(25,3,3,'2023-12-02','2023-12-20 06:46:33'),(26,1,3,'2023-10-05','2023-12-20 06:46:33'),(27,3,3,'2023-03-30','2023-12-20 06:46:33'),(28,1,3,'2023-08-28','2023-12-20 06:46:33'),(29,3,3,'2023-09-25','2023-12-20 06:46:33'),(30,1,3,'2023-07-15','2023-12-20 06:46:33'),(31,1,3,'2023-03-27','2023-12-20 06:46:33'),(32,3,3,'2023-06-27','2023-12-20 06:46:33'),(33,3,3,'2023-11-06','2023-12-20 06:46:33'),(34,1,3,'2023-06-21','2023-12-20 06:46:33'),(35,1,3,'2023-12-03','2023-12-20 06:46:33'),(36,1,3,'2023-10-08','2023-12-20 06:46:33'),(37,3,3,'2023-03-20','2023-12-20 06:46:33'),(38,1,3,'2023-06-27','2023-12-20 06:46:33'),(39,3,3,'2023-10-24','2023-12-20 06:46:33'),(40,3,3,'2023-05-11','2023-12-20 06:46:33'),(41,3,3,'2023-11-02','2023-12-20 06:46:33'),(42,3,3,'2023-07-12','2023-12-20 06:46:33'),(43,1,3,'2023-09-30','2023-12-20 06:46:33'),(44,1,3,'2023-01-07','2023-12-20 06:46:33'),(45,1,3,'2023-09-12','2023-12-20 06:46:33'),(46,1,3,'2023-07-10','2023-12-20 06:46:33'),(47,3,3,'2023-02-01','2023-12-20 06:46:33'),(48,1,3,'2023-07-17','2023-12-20 06:46:33'),(49,3,3,'2023-09-27','2023-12-20 06:46:33'),(50,3,3,'2023-09-24','2023-12-20 06:46:33');
INSERT INTO `SessionExercise` VALUES (1,1,4,4,2,5,'2023-12-20 07:01:15'),(2,2,92,6,2,7,'2023-12-20 07:01:15'),(3,3,113,6,2,8,'2023-12-20 07:01:15'),(4,1,118,7,2,9,'2023-12-20 07:01:15'),(5,2,132,7,3,11,'2023-12-20 07:01:15'),(6,3,133,8,3,13,'2023-12-20 07:01:15'),(7,1,149,8,4,14,'2023-12-20 07:01:15'),(8,2,173,8,4,14,'2023-12-20 07:01:15'),(9,3,174,9,5,14,'2023-12-20 07:01:15'),(10,1,209,9,5,15,'2023-12-20 07:01:15'),(11,2,4,4,2,5,'2023-12-20 07:01:15'),(12,3,92,6,2,7,'2023-12-20 07:01:15'),(13,1,113,6,2,8,'2023-12-20 07:01:15'),(14,2,118,7,2,9,'2023-12-20 07:01:15'),(15,3,132,7,3,11,'2023-12-20 07:01:15'),(16,1,133,8,3,13,'2023-12-20 07:01:15'),(17,2,149,8,4,14,'2023-12-20 07:01:15'),(18,3,173,8,4,14,'2023-12-20 07:01:15'),(19,1,174,9,5,14,'2023-12-20 07:01:15'),(20,2,209,9,5,15,'2023-12-20 07:01:15'),(21,3,4,4,2,5,'2023-12-20 07:01:15'),(22,1,92,6,2,7,'2023-12-20 07:01:15'),(23,2,113,6,2,8,'2023-12-20 07:01:15'),(24,3,118,7,2,9,'2023-12-20 07:01:15'),(25,1,132,7,3,11,'2023-12-20 07:01:15'),(26,2,133,8,3,13,'2023-12-20 07:01:15'),(27,3,149,8,4,14,'2023-12-20 07:01:15'),(28,1,173,8,4,14,'2023-12-20 07:01:15'),(29,2,174,9,5,14,'2023-12-20 07:01:15'),(30,3,209,9,5,15,'2023-12-20 07:01:15'),(31,1,4,4,2,5,'2023-12-20 07:01:15'),(32,2,92,6,2,7,'2023-12-20 07:01:15'),(33,3,113,6,2,8,'2023-12-20 07:01:15'),(34,1,118,7,2,9,'2023-12-20 07:01:15'),(35,2,132,7,3,11,'2023-12-20 07:01:15'),(36,3,133,8,3,13,'2023-12-20 07:01:15'),(37,1,149,8,4,14,'2023-12-20 07:01:15'),(38,2,173,8,4,14,'2023-12-20 07:01:15'),(39,3,174,9,5,14,'2023-12-20 07:01:15'),(40,1,209,9,5,15,'2023-12-20 07:01:15'),(41,2,4,4,2,5,'2023-12-20 07:01:15'),(42,3,92,6,2,7,'2023-12-20 07:01:15'),(43,1,113,6,2,8,'2023-12-20 07:01:15'),(44,2,118,7,2,9,'2023-12-20 07:01:15'),(45,3,132,7,3,11,'2023-12-20 07:01:15'),(46,1,133,8,3,13,'2023-12-20 07:01:15'),(47,2,149,8,4,14,'2023-12-20 07:01:15'),(48,3,173,8,4,14,'2023-12-20 07:01:15'),(49,1,174,9,5,14,'2023-12-20 07:01:15'),(50,2,209,9,5,15,'2023-12-20 07:01:15');


INSERT INTO `Users` (`id`, `first_name`, `last_name`, `email`, `password`, `user_type`, `phone`, `last_update`) VALUES (13, 'Hermina', 'Reichert', 'thomas.wisoky@example.com', 'faf4cdd81396ab71583267bc9aca9193fae2544f', 'Coach', '(387)564-9214x2226', '2023-12-20 04:49:13');
INSERT INTO `Users` (`id`, `first_name`, `last_name`, `email`, `password`, `user_type`, `phone`, `last_update`) VALUES (14, 'Yazmin', 'Gleason', 'bernice.gerlach@example.com', '2d507ec5c58184b07cd8023830fcfba8aea03754', 'Coach', '04426251691', '2023-12-20 04:49:13');
INSERT INTO `Users` (`id`, `first_name`, `last_name`, `email`, `password`, `user_type`, `phone`, `last_update`) VALUES (15, 'Aileen', 'Ebert', 'omiller@example.net', 'ec9925ea3648475b45e77b8db2e8a4e5265328be', 'Coach', '(664)889-3213', '2023-12-20 04:49:13');
INSERT INTO `Users` (`id`, `first_name`, `last_name`, `email`, `password`, `user_type`, `phone`, `last_update`) VALUES (16, 'Estefania', 'Kemmer', 'theresia07@example.com', '38410fa19bbb64a1678ee75c16f231448f23a360', 'Coach', '1-524-344-0065', '2023-12-20 04:49:13');
INSERT INTO `Users` (`id`, `first_name`, `last_name`, `email`, `password`, `user_type`, `phone`, `last_update`) VALUES (17, 'Ima', 'Koch', 'gislason.leo@example.com', '8e89ff57ea94eefd633bb060ccec143786c9f359', 'Coach', '1-218-058-2282', '2023-12-20 04:49:13');
INSERT INTO `Users` (`id`, `first_name`, `last_name`, `email`, `password`, `user_type`, `phone`, `last_update`) VALUES (18, 'Julie', 'Volkman', 'iledner@example.com', 'a73bb66784c28d6fb8f85ca83c3741e25b108a11', 'Coach', '+82(7)0961175736', '2023-12-20 04:49:13');
INSERT INTO `Users` (`id`, `first_name`, `last_name`, `email`, `password`, `user_type`, `phone`, `last_update`) VALUES (19, 'Kelton', 'Rolfson', 'kari.bahringer@example.com', 'ba98594baffd5e7dbb7b2373a2e2c0e0f77cb300', 'Coach', '(315)619-6693x525', '2023-12-20 04:49:13');
INSERT INTO `Users` (`id`, `first_name`, `last_name`, `email`, `password`, `user_type`, `phone`, `last_update`) VALUES (20, 'Hermina', 'Gerhold', 'heaney.lydia@example.net', '62bb5179d7d750f55210f72939c9cf984e350af6', 'Coach', '957-197-0653x9282', '2023-12-20 04:49:13');
INSERT INTO `Users` (`id`, `first_name`, `last_name`, `email`, `password`, `user_type`, `phone`, `last_update`) VALUES (21, 'Melany', 'Lemke', 'amalia.waters@example.org', '965965d772960c6fa8c55dc324c68700abe6282d', 'Coach', '(359)996-0125', '2023-12-20 04:49:13');
INSERT INTO `Users` (`id`, `first_name`, `last_name`, `email`, `password`, `user_type`, `phone`, `last_update`) VALUES (22, 'Bianka', 'Reichel', 'rafael01@example.org', '1e2f91e349d93362997b9f4111ed84a9b4652466', 'Coach', '1-355-996-3986', '2023-12-20 04:49:13');
INSERT INTO `Users` (`id`, `first_name`, `last_name`, `email`, `password`, `user_type`, `phone`, `last_update`) VALUES (23, 'Retta', 'Wuckert', 'geovanni.kuhn@example.net', 'c827e61a1b22e3d1392a6856b14d223a31629c0e', 'Coach', '01462991297', '2023-12-20 04:49:13');
INSERT INTO `Users` (`id`, `first_name`, `last_name`, `email`, `password`, `user_type`, `phone`, `last_update`) VALUES (24, 'Vernice', 'Buckridge', 'edward67@example.net', 'ac27fdd36a97814cdef66c2268d14fca427d63bb', 'Coach', '969.168.2987x40384', '2023-12-20 04:49:13');
INSERT INTO `Users` (`id`, `first_name`, `last_name`, `email`, `password`, `user_type`, `phone`, `last_update`) VALUES (25, 'Mallie', 'Heller', 'will.ian@example.org', '13dce2065a68f1eb0c4d0fdec2ab350ba60f5fdf', 'Coach', '440-256-6449x1528', '2023-12-20 04:49:13');
INSERT INTO `Users` (`id`, `first_name`, `last_name`, `email`, `password`, `user_type`, `phone`, `last_update`) VALUES (26, 'Jesus', 'McKenzie', 'runolfsdottir.esther@example.net', 'ff8a661490cf618f5519bb85709e952c3c641166', 'Coach', '(695)874-5968x3194', '2023-12-20 04:49:13');
INSERT INTO `Users` (`id`, `first_name`, `last_name`, `email`, `password`, `user_type`, `phone`, `last_update`) VALUES (27, 'Sydney', 'Cassin', 'suzanne05@example.org', '0962efec771ac7f77b638b78cf807984b9e13287', 'Coach', '230-082-7364x06737', '2023-12-20 04:49:13');
INSERT INTO `Users` (`id`, `first_name`, `last_name`, `email`, `password`, `user_type`, `phone`, `last_update`) VALUES (28, 'Justine', 'Pollich', 'monica21@example.org', '3a8fea5cf96cd9215e04b79149ccc2c303e348f5', 'Coach', '05210200142', '2023-12-20 04:49:13');
INSERT INTO `Users` (`id`, `first_name`, `last_name`, `email`, `password`, `user_type`, `phone`, `last_update`) VALUES (29, 'Elinore', 'Morar', 'schaden.carlos@example.net', '5c65686de5de77f31f5c0a7e002f90eb453273af', 'Coach', '(990)601-6501', '2023-12-20 04:49:13');
INSERT INTO `Users` (`id`, `first_name`, `last_name`, `email`, `password`, `user_type`, `phone`, `last_update`) VALUES (30, 'Charley', 'Pacocha', 'awunsch@example.com', '5ca8a0ccf3e1fec6aeddbf85e10f3b2d71bb8338', 'Coach', '033.969.0248', '2023-12-20 04:49:13');
INSERT INTO `Users` (`id`, `first_name`, `last_name`, `email`, `password`, `user_type`, `phone`, `last_update`) VALUES (31, 'Tierra', 'Kuphal', 'rosenbaum.sigrid@example.com', 'f4858e60d25c79fcb4d8d4646102972f870d5bb5', 'Coach', '1-306-613-1093', '2023-12-20 04:49:13');
INSERT INTO `Users` (`id`, `first_name`, `last_name`, `email`, `password`, `user_type`, `phone`, `last_update`) VALUES (32, 'Lorenz', 'Schinner', 'abernathy.eve@example.com', '0fcb253723484ff9827aa92f9a6dc610c3f8c93f', 'Coach', '+31(0)3167839396', '2023-12-20 04:49:13');
INSERT INTO `Users` (`id`, `first_name`, `last_name`, `email`, `password`, `user_type`, `phone`, `last_update`) VALUES (33, 'Sarai', 'Kulas', 'ewelch@example.org', '8e5779948dc1ff0635e997f982160220c6f599bf', 'Coach', '671-409-6555x78246', '2023-12-20 04:49:13');
INSERT INTO `Users` (`id`, `first_name`, `last_name`, `email`, `password`, `user_type`, `phone`, `last_update`) VALUES (34, 'Francisca', 'Russel', 'violette65@example.net', 'dc639bb1bd2ba41814417c910d2549b73594dfb8', 'Coach', '260.954.4515x3554', '2023-12-20 04:49:13');
INSERT INTO `Users` (`id`, `first_name`, `last_name`, `email`, `password`, `user_type`, `phone`, `last_update`) VALUES (35, 'Melany', 'Walker', 'miller.ludwig@example.net', 'bc1eb231e2de822118e81f5e192bfa3c2e944aa1', 'Coach', '526.248.4865', '2023-12-20 04:49:13');
INSERT INTO `Users` (`id`, `first_name`, `last_name`, `email`, `password`, `user_type`, `phone`, `last_update`) VALUES (36, 'Antoinette', 'Lowe', 'oda.mitchell@example.com', '796ed7181fd7229dcba79b40afa3c1c4c9132df5', 'Coach', '(584)941-9650x0574', '2023-12-20 04:49:13');
INSERT INTO `Users` (`id`, `first_name`, `last_name`, `email`, `password`, `user_type`, `phone`, `last_update`) VALUES (37, 'Eino', 'Pagac', 'ekutch@example.net', 'aaf16bffab599ebf1ba6e19cf4cb49f2504d8e7b', 'Coach', '+04(7)4473751013', '2023-12-20 04:49:13');
INSERT INTO `Users` (`id`, `first_name`, `last_name`, `email`, `password`, `user_type`, `phone`, `last_update`) VALUES (38, 'Nelle', 'Terry', 'blang@example.com', 'd1ff224ecd6f64c285b93e94e72fc7bc0ff8e7f7', 'Coach', '801.894.5980x5369', '2023-12-20 04:49:13');
INSERT INTO `Users` (`id`, `first_name`, `last_name`, `email`, `password`, `user_type`, `phone`, `last_update`) VALUES (39, 'Greta', 'Medhurst', 'travon30@example.net', '34c5e820e16b016c38bdfae8ce2cb51ed70d86b3', 'Coach', '744-209-1032x115', '2023-12-20 04:49:13');
INSERT INTO `Users` (`id`, `first_name`, `last_name`, `email`, `password`, `user_type`, `phone`, `last_update`) VALUES (40, 'Emilie', 'Klein', 'korey67@example.net', 'b93cb1c1099436f4ebf1e26e1cd9a15e56476a4c', 'Coach', '+93(9)1668869736', '2023-12-20 04:49:13');
INSERT INTO `Users` (`id`, `first_name`, `last_name`, `email`, `password`, `user_type`, `phone`, `last_update`) VALUES (41, 'Mackenzie', 'Labadie', 'felicia71@example.com', '918ec4529de033dc791ada04fa695f9c13c663f1', 'Coach', '09523910093', '2023-12-20 04:49:13');
INSERT INTO `Users` (`id`, `first_name`, `last_name`, `email`, `password`, `user_type`, `phone`, `last_update`) VALUES (42, 'Gerda', 'Kub', 'conroy.emil@example.net', 'e60f6c47acba5d811a515f7c8b5f02c81c1067e1', 'Coach', '980.245.8294', '2023-12-20 04:49:13');
INSERT INTO `Users` (`id`, `first_name`, `last_name`, `email`, `password`, `user_type`, `phone`, `last_update`) VALUES (43, 'Norberto', 'Hirthe', 'nboehm@example.com', '162594bf39622462ab9e18f202b759fe9108aa4c', 'Coach', '(500)331-4266x493', '2023-12-20 04:49:13');
INSERT INTO `Users` (`id`, `first_name`, `last_name`, `email`, `password`, `user_type`, `phone`, `last_update`) VALUES (44, 'Bernard', 'Tillman', 'ferry.deion@example.net', '60e398f8464e53b51032f6896622ae3ea0319ec6', 'Coach', '1-046-133-3908', '2023-12-20 04:49:13');
INSERT INTO `Users` (`id`, `first_name`, `last_name`, `email`, `password`, `user_type`, `phone`, `last_update`) VALUES (45, 'Thaddeus', 'Volkman', 'ro\'hara@example.org', '9709c39d7683fee8eab3ad4deaccd21c34fa4298', 'Coach', '689.811.9047x974', '2023-12-20 04:49:13');
INSERT INTO `Users` (`id`, `first_name`, `last_name`, `email`, `password`, `user_type`, `phone`, `last_update`) VALUES (46, 'Don', 'Thiel', 'dickens.lambert@example.org', 'c8f95c0e11b89bfb7c0f8d1cfc6280751b0ab12b', 'Coach', '137.527.1794x5929', '2023-12-20 04:49:13');
INSERT INTO `Users` (`id`, `first_name`, `last_name`, `email`, `password`, `user_type`, `phone`, `last_update`) VALUES (47, 'Caterina', 'Wunsch', 'payton.fadel@example.com', '81146e2289e294f8800f08bb40762624aedc5332', 'Coach', '(473)858-0163', '2023-12-20 04:49:13');
INSERT INTO `Users` (`id`, `first_name`, `last_name`, `email`, `password`, `user_type`, `phone`, `last_update`) VALUES (48, 'Houston', 'Walter', 'kgutmann@example.net', '1bbc05fc111ddbea6cb062bc4d812a5daa1f6922', 'Coach', '1-198-915-9780x3576', '2023-12-20 04:49:13');
INSERT INTO `Users` (`id`, `first_name`, `last_name`, `email`, `password`, `user_type`, `phone`, `last_update`) VALUES (49, 'Lennie', 'Shields', 'bernier.bria@example.com', 'b3a9a18b130bf808f47a029e79f75ca63b3114f0', 'Coach', '09135331920', '2023-12-20 04:49:13');
INSERT INTO `Users` (`id`, `first_name`, `last_name`, `email`, `password`, `user_type`, `phone`, `last_update`) VALUES (50, 'Stone', 'McClure', 'everett.jerde@example.net', '19c11ab5b2b563c8f054aeef2919fd00780bf8da', 'Coach', '(041)991-5080x0821', '2023-12-20 04:49:13');
INSERT INTO `Users` (`id`, `first_name`, `last_name`, `email`, `password`, `user_type`, `phone`, `last_update`) VALUES (51, 'Reta', 'Moen', 'lauretta.lockman@example.com', 'b3e6408457f645ab4aa757191bb9ebed5c38942c', 'Coach', '1-890-089-4465', '2023-12-20 04:49:13');
INSERT INTO `Users` (`id`, `first_name`, `last_name`, `email`, `password`, `user_type`, `phone`, `last_update`) VALUES (52, 'Jayden', 'Stokes', 'eveline93@example.com', 'ed79fd063f7ce3bd88d951651793a47ef481b337', 'Coach', '1-699-537-5422x26211', '2023-12-20 04:49:13');
INSERT INTO `Users` (`id`, `first_name`, `last_name`, `email`, `password`, `user_type`, `phone`, `last_update`) VALUES (53, 'Orval', 'Legros', 'beulah83@example.net', 'ebcd6fe6b9e9626436e5c5d46163044e12feca35', 'Coach', '047.710.6145', '2023-12-20 04:49:13');
INSERT INTO `Users` (`id`, `first_name`, `last_name`, `email`, `password`, `user_type`, `phone`, `last_update`) VALUES (54, 'Berneice', 'Prosacco', 'ywitting@example.net', '3570f18d7e8c30cb1d2618959f605a0b5dd36740', 'Coach', '661-550-1637x31131', '2023-12-20 04:49:13');
INSERT INTO `Users` (`id`, `first_name`, `last_name`, `email`, `password`, `user_type`, `phone`, `last_update`) VALUES (55, 'Henriette', 'Connelly', 'stracke.shakira@example.net', '3769161f9a8918c277198a5b5b1b52c8e444893c', 'Coach', '746.658.7276x20709', '2023-12-20 04:49:13');
INSERT INTO `Users` (`id`, `first_name`, `last_name`, `email`, `password`, `user_type`, `phone`, `last_update`) VALUES (56, 'Jerry', 'Braun', 'baby.eichmann@example.net', 'da3d97096a46bb1925e7e8fffb1b5ef26c81d4ee', 'Coach', '(507)922-4594', '2023-12-20 04:49:13');
INSERT INTO `Users` (`id`, `first_name`, `last_name`, `email`, `password`, `user_type`, `phone`, `last_update`) VALUES (57, 'Madge', 'Haley', 'velva96@example.org', '193151ac44c1cd918f25897ee2a8bd8cd8844d69', 'Coach', '222-512-8904x4742', '2023-12-20 04:49:13');
INSERT INTO `Users` (`id`, `first_name`, `last_name`, `email`, `password`, `user_type`, `phone`, `last_update`) VALUES (58, 'Jovany', 'Kunze', 'pparisian@example.org', '97b001bb43acb9061a55f8c61b1a80d2ffbdd9b7', 'Coach', '864.869.5065x009', '2023-12-20 04:49:13');
INSERT INTO `Users` (`id`, `first_name`, `last_name`, `email`, `password`, `user_type`, `phone`, `last_update`) VALUES (59, 'Joel', 'Pagac', 'bahringer.antonio@example.org', '730a93f5fb6eeaaa050a6b971622a76c0102fcc1', 'Coach', '(508)403-3896x1116', '2023-12-20 04:49:13');
INSERT INTO `Users` (`id`, `first_name`, `last_name`, `email`, `password`, `user_type`, `phone`, `last_update`) VALUES (60, 'Caesar', 'Stamm', 'buck53@example.org', '00dd6268ba38af434631003ca8374ec215c1ee4f', 'Coach', '(630)688-7054x885', '2023-12-20 04:49:13');
INSERT INTO `Users` (`id`, `first_name`, `last_name`, `email`, `password`, `user_type`, `phone`, `last_update`) VALUES (61, 'Deanna', 'Weimann', 'chase.doyle@example.com', '797c7473ceb499a6cc7a7cb8f016723132d670a0', 'Coach', '(497)051-5846x95717', '2023-12-20 04:49:13');
INSERT INTO `Users` (`id`, `first_name`, `last_name`, `email`, `password`, `user_type`, `phone`, `last_update`) VALUES (62, 'Mackenzie', 'Nikolaus', 'bartholome17@example.com', '9dfa4734fe18c616c822ce6c005a724aa9ff1b63', 'Coach', '382.471.8129', '2023-12-20 04:49:13');
INSERT INTO `Users` (`id`, `first_name`, `last_name`, `email`, `password`, `user_type`, `phone`, `last_update`) VALUES (63, 'Hermann', 'Bernier', 'dario.nikolaus@example.net', '3712135f65e4db9d3da2f7d6bfca1c79aed71a63', 'Coach', '291.045.9707x0297', '2023-12-20 04:49:13');
INSERT INTO `Users` (`id`, `first_name`, `last_name`, `email`, `password`, `user_type`, `phone`, `last_update`) VALUES (64, 'Malika', 'Breitenberg', 'spencer.david@example.org', '8a23f24d98fb3a204d1a52611bb8cea288e91430', 'Coach', '+64(1)8468691224', '2023-12-20 04:49:13');
INSERT INTO `Users` (`id`, `first_name`, `last_name`, `email`, `password`, `user_type`, `phone`, `last_update`) VALUES (65, 'Tobin', 'Sporer', 'stephanie.schmeler@example.org', '0310652d12dee4c3c44396ffd871547d32aa723d', 'Coach', '07249176448', '2023-12-20 04:49:13');
INSERT INTO `Users` (`id`, `first_name`, `last_name`, `email`, `password`, `user_type`, `phone`, `last_update`) VALUES (66, 'Cornelius', 'Towne', 'willms.tobin@example.org', '3d18bb1d62ea12f85d4c10234a13d6fc70fa9f03', 'Coach', '1-791-596-0513x284', '2023-12-20 04:49:13');
INSERT INTO `Users` (`id`, `first_name`, `last_name`, `email`, `password`, `user_type`, `phone`, `last_update`) VALUES (67, 'Isobel', 'Pfannerstill', 'emmet.johnston@example.com', 'f9d63d51616c659f8d85af9e6a3e106f3fbc6008', 'Coach', '356-132-3037x63014', '2023-12-20 04:49:13');
INSERT INTO `Users` (`id`, `first_name`, `last_name`, `email`, `password`, `user_type`, `phone`, `last_update`) VALUES (68, 'Delpha', 'Hayes', 'stanton.pierre@example.net', 'd90da76d4538cd807810f73cb6ac7774a952c607', 'Coach', '+20(2)2091506242', '2023-12-20 04:49:13');
INSERT INTO `Users` (`id`, `first_name`, `last_name`, `email`, `password`, `user_type`, `phone`, `last_update`) VALUES (69, 'Macy', 'Bosco', 'xherman@example.com', '968b2cffe1e37b8f336ff74c4712b0f95f89e58a', 'Coach', '598.779.3908x2290', '2023-12-20 04:49:13');
INSERT INTO `Users` (`id`, `first_name`, `last_name`, `email`, `password`, `user_type`, `phone`, `last_update`) VALUES (70, 'Lexi', 'Langosh', 'raven.goldner@example.net', '2fd86f2e7b249401d47d1a501859c5e17189fc8f', 'Coach', '1-263-639-5301x3644', '2023-12-20 04:49:13');
INSERT INTO `Users` (`id`, `first_name`, `last_name`, `email`, `password`, `user_type`, `phone`, `last_update`) VALUES (71, 'Belle', 'Reinger', 'senger.mona@example.org', 'edbd535456c91935febfa0a846ef9dcf9322e6fc', 'Coach', '(323)927-1022x787', '2023-12-20 04:49:13');
INSERT INTO `Users` (`id`, `first_name`, `last_name`, `email`, `password`, `user_type`, `phone`, `last_update`) VALUES (72, 'Ryder', 'McClure', 'kwisozk@example.com', '1a5645676c6ab96a2262269d14691873b1cd03b0', 'Coach', '175-619-6021', '2023-12-20 04:49:13');
INSERT INTO `Users` (`id`, `first_name`, `last_name`, `email`, `password`, `user_type`, `phone`, `last_update`) VALUES (73, 'Cierra', 'O\'Reilly', 'reid43@example.org', '2338e65019dd7a0c398562c4acedb113907d4836', 'Coach', '1-229-474-5106x5090', '2023-12-20 04:49:13');
INSERT INTO `Users` (`id`, `first_name`, `last_name`, `email`, `password`, `user_type`, `phone`, `last_update`) VALUES (74, 'Gudrun', 'Witting', 'kayley73@example.com', 'b26f1ce8ca1dc897ffe7e5ee345e7206106c7a79', 'Coach', '418-535-7474x131', '2023-12-20 04:49:13');
INSERT INTO `Users` (`id`, `first_name`, `last_name`, `email`, `password`, `user_type`, `phone`, `last_update`) VALUES (75, 'Roscoe', 'Watsica', 'sydnee81@example.org', '9a40c87f57fdf404409173c697389826535043f8', 'Coach', '1-721-627-3022x674', '2023-12-20 04:49:13');
INSERT INTO `Users` (`id`, `first_name`, `last_name`, `email`, `password`, `user_type`, `phone`, `last_update`) VALUES (76, 'Enrico', 'Hand', 'maximilian.stamm@example.com', '8a0404e9f98d1c1b36707c5570492945fd62baf3', 'Coach', '023-440-5043', '2023-12-20 04:49:13');
INSERT INTO `Users` (`id`, `first_name`, `last_name`, `email`, `password`, `user_type`, `phone`, `last_update`) VALUES (77, 'Jaquelin', 'Hansen', 'emerald65@example.net', '0151a3c92a3789a9047a455bfd3048c3ab26b7d3', 'Coach', '1-607-019-0144x899', '2023-12-20 04:49:13');
INSERT INTO `Users` (`id`, `first_name`, `last_name`, `email`, `password`, `user_type`, `phone`, `last_update`) VALUES (78, 'Myrtice', 'Stark', 'marley.jacobs@example.net', '68793a688fd7d0c369126a24e939a5c1d5890a4d', 'Coach', '052.830.1745x8100', '2023-12-20 04:49:13');
INSERT INTO `Users` (`id`, `first_name`, `last_name`, `email`, `password`, `user_type`, `phone`, `last_update`) VALUES (79, 'Margarett', 'Oberbrunner', 'lucas51@example.com', '7609cd0d719e774b655d93c6054d69865c0723d5', 'Coach', '094.338.1803', '2023-12-20 04:49:13');
INSERT INTO `Users` (`id`, `first_name`, `last_name`, `email`, `password`, `user_type`, `phone`, `last_update`) VALUES (80, 'Eileen', 'Hand', 'joy20@example.com', 'c8c82afa80edffb582d52abe3709bd1038a825bb', 'Coach', '433.108.8261x4052', '2023-12-20 04:49:13');
INSERT INTO `Users` (`id`, `first_name`, `last_name`, `email`, `password`, `user_type`, `phone`, `last_update`) VALUES (81, 'Michele', 'Bogan', 'gene.stoltenberg@example.org', 'efe0de0ef70dec3398d2a81036a23f718e1167ea', 'Coach', '(351)426-2453x7281', '2023-12-20 04:49:13');
INSERT INTO `Users` (`id`, `first_name`, `last_name`, `email`, `password`, `user_type`, `phone`, `last_update`) VALUES (82, 'Odell', 'Kemmer', 'helga55@example.com', 'd3fe86bef46424cd85dc26d51178395ba37c04a4', 'Coach', '1-469-769-9538x61111', '2023-12-20 04:49:13');
INSERT INTO `Users` (`id`, `first_name`, `last_name`, `email`, `password`, `user_type`, `phone`, `last_update`) VALUES (83, 'Cydney', 'Ebert', 'schneider.garnett@example.com', '79f884fcdbfe37efaf3f5d1cd6bc8139f74d8df9', 'Coach', '392-235-7513x421', '2023-12-20 04:49:13');
INSERT INTO `Users` (`id`, `first_name`, `last_name`, `email`, `password`, `user_type`, `phone`, `last_update`) VALUES (84, 'Pietro', 'Schuppe', 'qbradtke@example.com', '68c1e18cbe31c29cfa47bd407b8dd124fc48a8ce', 'Coach', '+89(2)1008380655', '2023-12-20 04:49:13');
INSERT INTO `Users` (`id`, `first_name`, `last_name`, `email`, `password`, `user_type`, `phone`, `last_update`) VALUES (85, 'Nayeli', 'Lubowitz', 'lockman.reina@example.org', 'df3f174e3cebbb7088fe7ae05cdeb79f1f231de0', 'Coach', '385.312.8282', '2023-12-20 04:49:13');
INSERT INTO `Users` (`id`, `first_name`, `last_name`, `email`, `password`, `user_type`, `phone`, `last_update`) VALUES (86, 'Thelma', 'Ernser', 'wbecker@example.org', '9eb34aba59216159fadeb46f9079ece2cf3c0e28', 'Coach', '03487854028', '2023-12-20 04:49:13');
INSERT INTO `Users` (`id`, `first_name`, `last_name`, `email`, `password`, `user_type`, `phone`, `last_update`) VALUES (87, 'Luisa', 'Ratke', 'pietro54@example.net', 'db22648ff16e5f7c0e0b7879ab746dbc8cc55659', 'Coach', '(895)684-2207', '2023-12-20 04:49:13');
INSERT INTO `Users` (`id`, `first_name`, `last_name`, `email`, `password`, `user_type`, `phone`, `last_update`) VALUES (88, 'Kaitlyn', 'Huels', 'aebert@example.org', '16cb01c53c4919dca6c447699128c5d20bbc1fdc', 'Coach', '(621)891-2819x36787', '2023-12-20 04:49:13');
INSERT INTO `Users` (`id`, `first_name`, `last_name`, `email`, `password`, `user_type`, `phone`, `last_update`) VALUES (89, 'Antone', 'Schoen', 'vhilpert@example.net', '3e5e8b934e7bcf5c1b84ba1cd3ede8d5a83cbbd0', 'Coach', '496-737-8839x157', '2023-12-20 04:49:13');
INSERT INTO `Users` (`id`, `first_name`, `last_name`, `email`, `password`, `user_type`, `phone`, `last_update`) VALUES (90, 'Dave', 'Braun', 'jack54@example.org', '7bfa0a9210eaaf964b21b592a3a36780e7c53e6b', 'Coach', '(741)348-9397x557', '2023-12-20 04:49:13');
INSERT INTO `Users` (`id`, `first_name`, `last_name`, `email`, `password`, `user_type`, `phone`, `last_update`) VALUES (91, 'Orval', 'Mosciski', 'rudy60@example.com', '40c3ce835f3db6739dc8604b65ffa2403a77001e', 'Coach', '257.503.9994', '2023-12-20 04:49:13');
INSERT INTO `Users` (`id`, `first_name`, `last_name`, `email`, `password`, `user_type`, `phone`, `last_update`) VALUES (92, 'Brandon', 'Langworth', 'parisian.desiree@example.net', 'a35f5765191534b300eb9fb9b43bb6aee9c3d13a', 'Coach', '694-527-5152', '2023-12-20 04:49:13');
INSERT INTO `Users` (`id`, `first_name`, `last_name`, `email`, `password`, `user_type`, `phone`, `last_update`) VALUES (93, 'Lavon', 'Conn', 'lschowalter@example.org', '759144a96277aa61a42495b04dbd510bda51228d', 'Coach', '+13(9)9687869346', '2023-12-20 04:49:13');
INSERT INTO `Users` (`id`, `first_name`, `last_name`, `email`, `password`, `user_type`, `phone`, `last_update`) VALUES (94, 'Damien', 'Harris', 'madaline92@example.org', 'aae55be9b7ef40f3dffb3c7778cce1e13be5cd31', 'Coach', '07852903783', '2023-12-20 04:49:13');
INSERT INTO `Users` (`id`, `first_name`, `last_name`, `email`, `password`, `user_type`, `phone`, `last_update`) VALUES (95, 'Sammie', 'Weimann', 'lind.kristy@example.com', 'ce8127534e7d3df3a79b520dac9e0ffbce21f663', 'Coach', '04980565786', '2023-12-20 04:49:13');
INSERT INTO `Users` (`id`, `first_name`, `last_name`, `email`, `password`, `user_type`, `phone`, `last_update`) VALUES (96, 'Naomie', 'Quigley', 'kgoldner@example.net', 'cd067287e4e6081c9caea7353b9091a3e03f5360', 'Coach', '+93(7)8712707155', '2023-12-20 04:49:13');
INSERT INTO `Users` (`id`, `first_name`, `last_name`, `email`, `password`, `user_type`, `phone`, `last_update`) VALUES (97, 'Deonte', 'Stark', 'dkuhlman@example.com', '3f6d4162d6f302f2006ab473635ad00d97de19dc', 'Coach', '743.211.7866x6952', '2023-12-20 04:49:13');
INSERT INTO `Users` (`id`, `first_name`, `last_name`, `email`, `password`, `user_type`, `phone`, `last_update`) VALUES (98, 'Johnny', 'Grimes', 'wmayert@example.org', 'd557579a804fd8e520514fa49fcba88dd29758b7', 'Coach', '01513760004', '2023-12-20 04:49:13');
INSERT INTO `Users` (`id`, `first_name`, `last_name`, `email`, `password`, `user_type`, `phone`, `last_update`) VALUES (99, 'Brett', 'Anderson', 'aaliyah.collins@example.net', '0ef96826a4f2d4f6e14be1377034221c34c83dba', 'Coach', '1-670-610-8406x78927', '2023-12-20 04:49:13');
INSERT INTO `Users` (`id`, `first_name`, `last_name`, `email`, `password`, `user_type`, `phone`, `last_update`) VALUES (100, 'Janick', 'Conroy', 'emmie13@example.net', '0087a427e9d3f7976231793842e520984117f686', 'Coach', '1-052-236-1635x969', '2023-12-20 04:49:13');


INSERT INTO `Message` (`message_id`, `chat_id`, `from_coach`, `message`, `sent_at`, `last_update`) VALUES (1, 5, 1, 'Provident quibusdam enim itaque eum.', '2023-12-16 02:37:02', '2023-12-20 06:03:15');
INSERT INTO `Message` (`message_id`, `chat_id`, `from_coach`, `message`, `sent_at`, `last_update`) VALUES (2, 3, 1, 'Sed omnis excepturi non assumenda optio.', '2023-12-05 10:24:31', '2023-12-20 06:03:15');
INSERT INTO `Message` (`message_id`, `chat_id`, `from_coach`, `message`, `sent_at`, `last_update`) VALUES (3, 3, 1, 'Sunt illo voluptatem sapiente sint sequi omnis possimus eos.', '2023-12-18 16:10:04', '2023-12-20 06:03:15');
INSERT INTO `Message` (`message_id`, `chat_id`, `from_coach`, `message`, `sent_at`, `last_update`) VALUES (4, 5, 1, 'Eius sunt nesciunt dolores error nulla est rerum.', '2023-12-09 20:23:46', '2023-12-20 06:03:15');
INSERT INTO `Message` (`message_id`, `chat_id`, `from_coach`, `message`, `sent_at`, `last_update`) VALUES (5, 4, 0, 'Alias assumenda accusantium qui modi ut.', '2023-11-28 03:39:18', '2023-12-20 06:03:15');
INSERT INTO `Message` (`message_id`, `chat_id`, `from_coach`, `message`, `sent_at`, `last_update`) VALUES (6, 4, 1, 'Unde id voluptas reprehenderit commodi sit dolores natus.', '2023-12-17 01:59:42', '2023-12-20 06:03:15');
INSERT INTO `Message` (`message_id`, `chat_id`, `from_coach`, `message`, `sent_at`, `last_update`) VALUES (7, 3, 1, 'Nisi odio ratione ducimus libero vel.', '2023-12-15 08:44:59', '2023-12-20 06:03:15');
INSERT INTO `Message` (`message_id`, `chat_id`, `from_coach`, `message`, `sent_at`, `last_update`) VALUES (8, 5, 0, 'Sint dolor voluptatem ut consequatur.', '2023-12-19 05:01:30', '2023-12-20 06:03:15');
INSERT INTO `Message` (`message_id`, `chat_id`, `from_coach`, `message`, `sent_at`, `last_update`) VALUES (9, 5, 0, 'Ut facere quia atque.', '2023-12-10 12:10:02', '2023-12-20 06:03:15');
INSERT INTO `Message` (`message_id`, `chat_id`, `from_coach`, `message`, `sent_at`, `last_update`) VALUES (10, 4, 1, 'Sequi enim quod deserunt porro.', '2023-12-19 18:10:40', '2023-12-20 06:03:15');
INSERT INTO `Message` (`message_id`, `chat_id`, `from_coach`, `message`, `sent_at`, `last_update`) VALUES (11, 4, 1, 'Perferendis consequatur reprehenderit neque et quis beatae assumenda.', '2023-11-22 18:25:26', '2023-12-20 06:03:15');
INSERT INTO `Message` (`message_id`, `chat_id`, `from_coach`, `message`, `sent_at`, `last_update`) VALUES (12, 2, 0, 'Corrupti voluptatem reprehenderit atque numquam et enim nam.', '2023-12-09 19:11:22', '2023-12-20 06:03:15');
INSERT INTO `Message` (`message_id`, `chat_id`, `from_coach`, `message`, `sent_at`, `last_update`) VALUES (13, 5, 1, 'Voluptas quo architecto hic voluptatem omnis ratione ea ad.', '2023-12-14 14:53:26', '2023-12-20 06:03:15');
INSERT INTO `Message` (`message_id`, `chat_id`, `from_coach`, `message`, `sent_at`, `last_update`) VALUES (14, 2, 0, 'Adipisci qui officia temporibus.', '2023-12-08 00:53:18', '2023-12-20 06:03:15');
INSERT INTO `Message` (`message_id`, `chat_id`, `from_coach`, `message`, `sent_at`, `last_update`) VALUES (15, 2, 0, 'Voluptate beatae quia asperiores.', '2023-12-15 18:12:48', '2023-12-20 06:03:15');
INSERT INTO `Message` (`message_id`, `chat_id`, `from_coach`, `message`, `sent_at`, `last_update`) VALUES (16, 2, 0, 'Illum nisi omnis necessitatibus.', '2023-12-07 07:01:34', '2023-12-20 06:03:15');
INSERT INTO `Message` (`message_id`, `chat_id`, `from_coach`, `message`, `sent_at`, `last_update`) VALUES (17, 4, 1, 'Dolorum neque similique praesentium asperiores cum.', '2023-12-15 09:30:59', '2023-12-20 06:03:15');
INSERT INTO `Message` (`message_id`, `chat_id`, `from_coach`, `message`, `sent_at`, `last_update`) VALUES (18, 2, 1, 'Libero dolorem suscipit at suscipit deleniti nobis voluptatem sit.', '2023-11-21 23:47:14', '2023-12-20 06:03:15');
INSERT INTO `Message` (`message_id`, `chat_id`, `from_coach`, `message`, `sent_at`, `last_update`) VALUES (19, 2, 1, 'Consequatur unde totam voluptas.', '2023-12-18 12:48:36', '2023-12-20 06:03:15');
INSERT INTO `Message` (`message_id`, `chat_id`, `from_coach`, `message`, `sent_at`, `last_update`) VALUES (20, 1, 0, 'Dolorem ut repudiandae vel porro omnis sunt id.', '2023-12-20 00:42:21', '2023-12-20 06:03:15');
INSERT INTO `Message` (`message_id`, `chat_id`, `from_coach`, `message`, `sent_at`, `last_update`) VALUES (21, 4, 1, 'Cupiditate dolorum cupiditate eum.', '2023-12-17 07:09:29', '2023-12-20 06:03:15');
INSERT INTO `Message` (`message_id`, `chat_id`, `from_coach`, `message`, `sent_at`, `last_update`) VALUES (22, 3, 0, 'Exercitationem et aut ex harum.', '2023-12-05 10:06:40', '2023-12-20 06:03:15');
INSERT INTO `Message` (`message_id`, `chat_id`, `from_coach`, `message`, `sent_at`, `last_update`) VALUES (23, 4, 0, 'Voluptate tenetur voluptatem nisi occaecati adipisci distinctio.', '2023-12-05 10:05:15', '2023-12-20 06:03:15');
INSERT INTO `Message` (`message_id`, `chat_id`, `from_coach`, `message`, `sent_at`, `last_update`) VALUES (24, 3, 1, 'Quae enim repellat sapiente incidunt.', '2023-11-25 18:16:14', '2023-12-20 06:03:15');
INSERT INTO `Message` (`message_id`, `chat_id`, `from_coach`, `message`, `sent_at`, `last_update`) VALUES (25, 5, 0, 'Velit voluptate recusandae sed qui excepturi enim exercitationem minus.', '2023-12-05 18:56:07', '2023-12-20 06:03:15');
INSERT INTO `Message` (`message_id`, `chat_id`, `from_coach`, `message`, `sent_at`, `last_update`) VALUES (26, 4, 0, 'Voluptatem repudiandae occaecati odio autem reiciendis quia.', '2023-12-16 21:47:11', '2023-12-20 06:03:15');
INSERT INTO `Message` (`message_id`, `chat_id`, `from_coach`, `message`, `sent_at`, `last_update`) VALUES (27, 4, 0, 'Eum commodi autem rerum rerum.', '2023-12-08 21:18:58', '2023-12-20 06:03:15');
INSERT INTO `Message` (`message_id`, `chat_id`, `from_coach`, `message`, `sent_at`, `last_update`) VALUES (28, 4, 1, 'Voluptate et quo quia quia ut.', '2023-11-28 22:01:05', '2023-12-20 06:03:15');
INSERT INTO `Message` (`message_id`, `chat_id`, `from_coach`, `message`, `sent_at`, `last_update`) VALUES (29, 1, 1, 'Fuga nobis et labore officiis.', '2023-11-21 02:44:26', '2023-12-20 06:03:15');
INSERT INTO `Message` (`message_id`, `chat_id`, `from_coach`, `message`, `sent_at`, `last_update`) VALUES (30, 2, 0, 'Dicta est voluptate nihil temporibus dolor temporibus.', '2023-11-21 23:50:49', '2023-12-20 06:03:15');
INSERT INTO `Message` (`message_id`, `chat_id`, `from_coach`, `message`, `sent_at`, `last_update`) VALUES (31, 4, 0, 'Repudiandae magnam animi id rerum et corrupti optio.', '2023-11-23 06:16:35', '2023-12-20 06:03:15');
INSERT INTO `Message` (`message_id`, `chat_id`, `from_coach`, `message`, `sent_at`, `last_update`) VALUES (32, 1, 0, 'Non quas ipsam sint illum voluptatem.', '2023-11-28 03:51:19', '2023-12-20 06:03:15');
INSERT INTO `Message` (`message_id`, `chat_id`, `from_coach`, `message`, `sent_at`, `last_update`) VALUES (33, 3, 1, 'Ut eveniet distinctio voluptatibus ipsam maiores vitae voluptas.', '2023-12-14 01:52:47', '2023-12-20 06:03:15');
INSERT INTO `Message` (`message_id`, `chat_id`, `from_coach`, `message`, `sent_at`, `last_update`) VALUES (34, 1, 0, 'Neque quidem magnam soluta qui magnam sit pariatur.', '2023-11-25 05:52:29', '2023-12-20 06:03:15');
INSERT INTO `Message` (`message_id`, `chat_id`, `from_coach`, `message`, `sent_at`, `last_update`) VALUES (35, 4, 1, 'Neque et id optio rerum.', '2023-12-05 09:52:44', '2023-12-20 06:03:15');
INSERT INTO `Message` (`message_id`, `chat_id`, `from_coach`, `message`, `sent_at`, `last_update`) VALUES (36, 1, 0, 'Magnam neque ducimus et est.', '2023-12-16 16:39:01', '2023-12-20 06:03:15');
INSERT INTO `Message` (`message_id`, `chat_id`, `from_coach`, `message`, `sent_at`, `last_update`) VALUES (37, 3, 0, 'Deserunt sequi cupiditate cupiditate magnam doloremque repellendus vitae dolores.', '2023-12-09 13:45:16', '2023-12-20 06:03:15');
INSERT INTO `Message` (`message_id`, `chat_id`, `from_coach`, `message`, `sent_at`, `last_update`) VALUES (38, 4, 0, 'Sit ratione sapiente numquam quam commodi illum qui.', '2023-12-05 06:27:48', '2023-12-20 06:03:15');
INSERT INTO `Message` (`message_id`, `chat_id`, `from_coach`, `message`, `sent_at`, `last_update`) VALUES (39, 5, 0, 'Qui sit ea eos est.', '2023-12-17 18:07:22', '2023-12-20 06:03:15');
INSERT INTO `Message` (`message_id`, `chat_id`, `from_coach`, `message`, `sent_at`, `last_update`) VALUES (40, 4, 1, 'Magni eaque velit hic dolores.', '2023-11-21 16:13:08', '2023-12-20 06:03:15');
INSERT INTO `Message` (`message_id`, `chat_id`, `from_coach`, `message`, `sent_at`, `last_update`) VALUES (41, 3, 1, 'Sint molestiae neque ex cumque.', '2023-11-20 09:04:59', '2023-12-20 06:03:15');
INSERT INTO `Message` (`message_id`, `chat_id`, `from_coach`, `message`, `sent_at`, `last_update`) VALUES (42, 3, 0, 'Et eos unde aut dolor.', '2023-11-28 18:49:38', '2023-12-20 06:03:15');
INSERT INTO `Message` (`message_id`, `chat_id`, `from_coach`, `message`, `sent_at`, `last_update`) VALUES (43, 1, 0, 'Libero laborum iusto quo.', '2023-12-04 12:02:54', '2023-12-20 06:03:15');
INSERT INTO `Message` (`message_id`, `chat_id`, `from_coach`, `message`, `sent_at`, `last_update`) VALUES (44, 5, 1, 'Iste autem velit quia itaque.', '2023-12-01 19:37:12', '2023-12-20 06:03:15');
INSERT INTO `Message` (`message_id`, `chat_id`, `from_coach`, `message`, `sent_at`, `last_update`) VALUES (45, 4, 0, 'Ipsam quae neque consequatur tenetur.', '2023-12-13 08:44:09', '2023-12-20 06:03:15');
INSERT INTO `Message` (`message_id`, `chat_id`, `from_coach`, `message`, `sent_at`, `last_update`) VALUES (46, 4, 1, 'Nostrum enim at id et aut ipsum fuga.', '2023-11-27 09:30:08', '2023-12-20 06:03:15');
INSERT INTO `Message` (`message_id`, `chat_id`, `from_coach`, `message`, `sent_at`, `last_update`) VALUES (47, 2, 1, 'Nisi necessitatibus et adipisci sed perferendis dolorem.', '2023-11-24 09:59:52', '2023-12-20 06:03:15');
INSERT INTO `Message` (`message_id`, `chat_id`, `from_coach`, `message`, `sent_at`, `last_update`) VALUES (48, 4, 1, 'Fugiat quis reprehenderit et est aperiam at quis nihil.', '2023-12-08 23:53:05', '2023-12-20 06:03:15');
INSERT INTO `Message` (`message_id`, `chat_id`, `from_coach`, `message`, `sent_at`, `last_update`) VALUES (49, 5, 1, 'Quae architecto occaecati animi repudiandae.', '2023-12-17 10:12:33', '2023-12-20 06:03:15');
INSERT INTO `Message` (`message_id`, `chat_id`, `from_coach`, `message`, `sent_at`, `last_update`) VALUES (50, 4, 0, 'Quam distinctio veniam quibusdam et deleniti.', '2023-12-06 19:27:56', '2023-12-20 06:03:15');
INSERT INTO `Message` (`message_id`, `chat_id`, `from_coach`, `message`, `sent_at`, `last_update`) VALUES (51, 4, 1, 'Non cum consectetur itaque rerum.', '2023-11-22 15:55:03', '2023-12-20 06:03:15');
INSERT INTO `Message` (`message_id`, `chat_id`, `from_coach`, `message`, `sent_at`, `last_update`) VALUES (52, 2, 0, 'Commodi repellendus aspernatur labore quidem quis.', '2023-12-16 01:38:50', '2023-12-20 06:03:15');
INSERT INTO `Message` (`message_id`, `chat_id`, `from_coach`, `message`, `sent_at`, `last_update`) VALUES (53, 2, 1, 'Repellendus eos corrupti aut sit veritatis velit eum veniam.', '2023-11-30 00:41:07', '2023-12-20 06:03:15');
INSERT INTO `Message` (`message_id`, `chat_id`, `from_coach`, `message`, `sent_at`, `last_update`) VALUES (54, 5, 0, 'Tenetur veniam aut illo corrupti illum.', '2023-11-20 16:01:53', '2023-12-20 06:03:15');
INSERT INTO `Message` (`message_id`, `chat_id`, `from_coach`, `message`, `sent_at`, `last_update`) VALUES (55, 1, 0, 'Velit consequatur et itaque a odio suscipit provident id.', '2023-12-13 16:08:06', '2023-12-20 06:03:15');
INSERT INTO `Message` (`message_id`, `chat_id`, `from_coach`, `message`, `sent_at`, `last_update`) VALUES (56, 3, 1, 'Qui ut dignissimos optio itaque natus.', '2023-11-26 12:58:02', '2023-12-20 06:03:15');
INSERT INTO `Message` (`message_id`, `chat_id`, `from_coach`, `message`, `sent_at`, `last_update`) VALUES (57, 5, 1, 'Et odit repudiandae et reiciendis iste laboriosam doloribus.', '2023-11-21 23:32:59', '2023-12-20 06:03:15');
INSERT INTO `Message` (`message_id`, `chat_id`, `from_coach`, `message`, `sent_at`, `last_update`) VALUES (58, 3, 0, 'Ea pariatur eligendi ut voluptatem ut vel nobis.', '2023-12-04 08:22:33', '2023-12-20 06:03:15');
INSERT INTO `Message` (`message_id`, `chat_id`, `from_coach`, `message`, `sent_at`, `last_update`) VALUES (59, 1, 1, 'Autem iusto et quos fugit.', '2023-12-17 22:04:34', '2023-12-20 06:03:15');
INSERT INTO `Message` (`message_id`, `chat_id`, `from_coach`, `message`, `sent_at`, `last_update`) VALUES (60, 3, 1, 'Possimus qui sunt omnis nobis.', '2023-11-26 08:02:28', '2023-12-20 06:03:15');
INSERT INTO `Message` (`message_id`, `chat_id`, `from_coach`, `message`, `sent_at`, `last_update`) VALUES (61, 3, 1, 'Voluptatibus dolor qui distinctio suscipit.', '2023-11-25 23:38:14', '2023-12-20 06:03:15');
INSERT INTO `Message` (`message_id`, `chat_id`, `from_coach`, `message`, `sent_at`, `last_update`) VALUES (62, 3, 1, 'Magni quia consequuntur magnam ut nemo in illum.', '2023-12-16 11:41:09', '2023-12-20 06:03:15');
INSERT INTO `Message` (`message_id`, `chat_id`, `from_coach`, `message`, `sent_at`, `last_update`) VALUES (63, 5, 0, 'Omnis sed ut nulla tempora consequuntur eos.', '2023-12-15 04:09:53', '2023-12-20 06:03:15');
INSERT INTO `Message` (`message_id`, `chat_id`, `from_coach`, `message`, `sent_at`, `last_update`) VALUES (64, 1, 0, 'Laboriosam voluptates aut ea vel non.', '2023-11-28 03:33:21', '2023-12-20 06:03:15');
INSERT INTO `Message` (`message_id`, `chat_id`, `from_coach`, `message`, `sent_at`, `last_update`) VALUES (65, 2, 0, 'Doloribus officia quae consectetur amet vel laboriosam.', '2023-11-26 07:03:29', '2023-12-20 06:03:15');
INSERT INTO `Message` (`message_id`, `chat_id`, `from_coach`, `message`, `sent_at`, `last_update`) VALUES (66, 4, 0, 'Cumque fuga voluptate dolorum dolorum asperiores.', '2023-11-22 12:40:04', '2023-12-20 06:03:15');
INSERT INTO `Message` (`message_id`, `chat_id`, `from_coach`, `message`, `sent_at`, `last_update`) VALUES (67, 2, 0, 'Numquam aut voluptatibus nihil iste aspernatur quae ratione aut.', '2023-12-17 22:40:38', '2023-12-20 06:03:15');
INSERT INTO `Message` (`message_id`, `chat_id`, `from_coach`, `message`, `sent_at`, `last_update`) VALUES (68, 5, 1, 'Dolore dolorum facilis a ex neque facilis reprehenderit.', '2023-12-06 22:34:41', '2023-12-20 06:03:15');
INSERT INTO `Message` (`message_id`, `chat_id`, `from_coach`, `message`, `sent_at`, `last_update`) VALUES (69, 2, 0, 'Sunt tempora odio magni.', '2023-12-05 19:16:06', '2023-12-20 06:03:15');
INSERT INTO `Message` (`message_id`, `chat_id`, `from_coach`, `message`, `sent_at`, `last_update`) VALUES (70, 4, 0, 'Ipsam ipsa odit quae sunt et sed ab.', '2023-12-08 14:03:54', '2023-12-20 06:03:15');
INSERT INTO `Message` (`message_id`, `chat_id`, `from_coach`, `message`, `sent_at`, `last_update`) VALUES (71, 4, 0, 'Quidem quibusdam et sit quia quasi aperiam.', '2023-12-05 18:21:21', '2023-12-20 06:03:15');
INSERT INTO `Message` (`message_id`, `chat_id`, `from_coach`, `message`, `sent_at`, `last_update`) VALUES (72, 3, 1, 'Veniam est libero labore eos ut.', '2023-11-23 09:02:21', '2023-12-20 06:03:15');
INSERT INTO `Message` (`message_id`, `chat_id`, `from_coach`, `message`, `sent_at`, `last_update`) VALUES (73, 2, 0, 'Numquam voluptatum minus nostrum pariatur.', '2023-12-19 01:39:32', '2023-12-20 06:03:15');
INSERT INTO `Message` (`message_id`, `chat_id`, `from_coach`, `message`, `sent_at`, `last_update`) VALUES (74, 2, 1, 'Qui a dolore cumque quis.', '2023-12-02 10:01:02', '2023-12-20 06:03:15');
INSERT INTO `Message` (`message_id`, `chat_id`, `from_coach`, `message`, `sent_at`, `last_update`) VALUES (75, 3, 1, 'Repellat aliquam dolores voluptatem natus officiis.', '2023-12-05 17:49:25', '2023-12-20 06:03:15');
INSERT INTO `Message` (`message_id`, `chat_id`, `from_coach`, `message`, `sent_at`, `last_update`) VALUES (76, 1, 0, 'Adipisci pariatur excepturi non corporis.', '2023-11-22 20:52:47', '2023-12-20 06:03:15');
INSERT INTO `Message` (`message_id`, `chat_id`, `from_coach`, `message`, `sent_at`, `last_update`) VALUES (77, 2, 0, 'Vel dolor maxime qui.', '2023-11-29 00:01:02', '2023-12-20 06:03:15');
INSERT INTO `Message` (`message_id`, `chat_id`, `from_coach`, `message`, `sent_at`, `last_update`) VALUES (78, 3, 0, 'Voluptates non nobis rerum ad.', '2023-11-28 20:28:12', '2023-12-20 06:03:15');
INSERT INTO `Message` (`message_id`, `chat_id`, `from_coach`, `message`, `sent_at`, `last_update`) VALUES (79, 1, 1, 'Sunt earum non inventore dignissimos repellat quia repudiandae.', '2023-11-27 07:10:05', '2023-12-20 06:03:15');
INSERT INTO `Message` (`message_id`, `chat_id`, `from_coach`, `message`, `sent_at`, `last_update`) VALUES (80, 5, 0, 'Fugiat quia officia officia culpa.', '2023-11-25 13:25:41', '2023-12-20 06:03:15');
INSERT INTO `Message` (`message_id`, `chat_id`, `from_coach`, `message`, `sent_at`, `last_update`) VALUES (81, 4, 1, 'Vel nihil consequatur quia vel quae ipsam.', '2023-12-19 19:48:10', '2023-12-20 06:03:15');
INSERT INTO `Message` (`message_id`, `chat_id`, `from_coach`, `message`, `sent_at`, `last_update`) VALUES (82, 1, 1, 'Rerum esse non deserunt voluptatem deserunt earum.', '2023-12-09 01:47:59', '2023-12-20 06:03:15');
INSERT INTO `Message` (`message_id`, `chat_id`, `from_coach`, `message`, `sent_at`, `last_update`) VALUES (83, 3, 0, 'Laborum aut repellendus excepturi blanditiis.', '2023-11-28 11:17:35', '2023-12-20 06:03:15');
INSERT INTO `Message` (`message_id`, `chat_id`, `from_coach`, `message`, `sent_at`, `last_update`) VALUES (84, 3, 1, 'Illum dolorem et deserunt sed porro ducimus necessitatibus.', '2023-12-07 17:18:48', '2023-12-20 06:03:15');
INSERT INTO `Message` (`message_id`, `chat_id`, `from_coach`, `message`, `sent_at`, `last_update`) VALUES (85, 4, 0, 'Rerum eos cumque dolores sed placeat.', '2023-11-26 15:53:01', '2023-12-20 06:03:15');
INSERT INTO `Message` (`message_id`, `chat_id`, `from_coach`, `message`, `sent_at`, `last_update`) VALUES (86, 2, 1, 'Adipisci laboriosam velit ut.', '2023-12-15 05:38:11', '2023-12-20 06:03:15');
INSERT INTO `Message` (`message_id`, `chat_id`, `from_coach`, `message`, `sent_at`, `last_update`) VALUES (87, 3, 1, 'Non harum qui explicabo reiciendis quis.', '2023-11-27 16:03:43', '2023-12-20 06:03:15');
INSERT INTO `Message` (`message_id`, `chat_id`, `from_coach`, `message`, `sent_at`, `last_update`) VALUES (88, 4, 0, 'Repellendus reiciendis eos minima esse aut totam doloremque.', '2023-12-17 08:36:47', '2023-12-20 06:03:15');
INSERT INTO `Message` (`message_id`, `chat_id`, `from_coach`, `message`, `sent_at`, `last_update`) VALUES (89, 5, 1, 'Quibusdam dolorem alias sed harum.', '2023-12-12 21:09:17', '2023-12-20 06:03:15');
INSERT INTO `Message` (`message_id`, `chat_id`, `from_coach`, `message`, `sent_at`, `last_update`) VALUES (90, 4, 1, 'Temporibus iure sit reprehenderit nesciunt reprehenderit non maxime perspiciatis.', '2023-12-08 16:54:28', '2023-12-20 06:03:15');
INSERT INTO `Message` (`message_id`, `chat_id`, `from_coach`, `message`, `sent_at`, `last_update`) VALUES (91, 3, 1, 'Officia ut et voluptates explicabo deleniti a.', '2023-11-21 10:29:53', '2023-12-20 06:03:15');
INSERT INTO `Message` (`message_id`, `chat_id`, `from_coach`, `message`, `sent_at`, `last_update`) VALUES (92, 1, 0, 'Cum debitis nesciunt aut molestias id voluptatem.', '2023-12-02 03:59:10', '2023-12-20 06:03:15');
INSERT INTO `Message` (`message_id`, `chat_id`, `from_coach`, `message`, `sent_at`, `last_update`) VALUES (93, 4, 0, 'Consequuntur dignissimos corrupti doloremque fugiat sunt.', '2023-12-05 17:53:34', '2023-12-20 06:03:15');
INSERT INTO `Message` (`message_id`, `chat_id`, `from_coach`, `message`, `sent_at`, `last_update`) VALUES (94, 5, 0, 'Vel exercitationem iusto consequatur sit illo culpa est.', '2023-12-12 20:13:15', '2023-12-20 06:03:15');
INSERT INTO `Message` (`message_id`, `chat_id`, `from_coach`, `message`, `sent_at`, `last_update`) VALUES (95, 5, 1, 'Aut iure dicta fugiat facilis voluptas est eum quidem.', '2023-12-10 18:45:59', '2023-12-20 06:03:15');
INSERT INTO `Message` (`message_id`, `chat_id`, `from_coach`, `message`, `sent_at`, `last_update`) VALUES (96, 2, 1, 'Voluptatem occaecati nobis sit cum ad sed quasi aut.', '2023-11-23 18:21:22', '2023-12-20 06:03:15');
INSERT INTO `Message` (`message_id`, `chat_id`, `from_coach`, `message`, `sent_at`, `last_update`) VALUES (97, 4, 0, 'Consequuntur voluptatibus aperiam id omnis ratione.', '2023-11-20 23:52:12', '2023-12-20 06:03:15');
INSERT INTO `Message` (`message_id`, `chat_id`, `from_coach`, `message`, `sent_at`, `last_update`) VALUES (98, 3, 0, 'Impedit velit est laboriosam fugiat quo molestiae.', '2023-11-24 08:00:05', '2023-12-20 06:03:15');
INSERT INTO `Message` (`message_id`, `chat_id`, `from_coach`, `message`, `sent_at`, `last_update`) VALUES (99, 3, 0, 'Sequi quisquam ut eum quas voluptatibus harum recusandae excepturi.', '2023-12-02 08:17:25', '2023-12-20 06:03:15');
INSERT INTO `Message` (`message_id`, `chat_id`, `from_coach`, `message`, `sent_at`, `last_update`) VALUES (100, 2, 1, 'Eveniet maxime maxime molestiae iste.', '2023-12-19 10:26:29', '2023-12-20 06:03:15');
INSERT INTO `Message` (`message_id`, `chat_id`, `from_coach`, `message`, `sent_at`, `last_update`) VALUES (101, 4, 0, 'Amet numquam placeat autem facilis impedit.', '2023-11-22 16:23:47', '2023-12-20 06:03:15');
INSERT INTO `Message` (`message_id`, `chat_id`, `from_coach`, `message`, `sent_at`, `last_update`) VALUES (102, 4, 1, 'Pariatur qui ratione cumque officiis.', '2023-11-24 10:29:58', '2023-12-20 06:03:15');
INSERT INTO `Message` (`message_id`, `chat_id`, `from_coach`, `message`, `sent_at`, `last_update`) VALUES (103, 4, 0, 'Ut et non ab sint.', '2023-11-24 11:46:52', '2023-12-20 06:03:15');
INSERT INTO `Message` (`message_id`, `chat_id`, `from_coach`, `message`, `sent_at`, `last_update`) VALUES (104, 5, 1, 'Sunt maiores rerum est ea.', '2023-11-25 17:17:49', '2023-12-20 06:03:15');
INSERT INTO `Message` (`message_id`, `chat_id`, `from_coach`, `message`, `sent_at`, `last_update`) VALUES (105, 3, 0, 'Incidunt quia quis accusamus tenetur.', '2023-11-29 17:39:06', '2023-12-20 06:03:15');
INSERT INTO `Message` (`message_id`, `chat_id`, `from_coach`, `message`, `sent_at`, `last_update`) VALUES (106, 4, 1, 'Autem et magni aliquid facere esse consequatur numquam.', '2023-11-22 13:56:35', '2023-12-20 06:03:15');
INSERT INTO `Message` (`message_id`, `chat_id`, `from_coach`, `message`, `sent_at`, `last_update`) VALUES (107, 4, 0, 'Quos quos quos dolore sit est enim ipsum aliquam.', '2023-12-11 00:08:05', '2023-12-20 06:03:15');
INSERT INTO `Message` (`message_id`, `chat_id`, `from_coach`, `message`, `sent_at`, `last_update`) VALUES (108, 1, 0, 'Quo ab est inventore voluptatem mollitia sit numquam.', '2023-12-12 14:04:06', '2023-12-20 06:03:15');
INSERT INTO `Message` (`message_id`, `chat_id`, `from_coach`, `message`, `sent_at`, `last_update`) VALUES (109, 5, 1, 'Et ratione qui maxime fugit nisi ut odio et.', '2023-12-07 04:56:20', '2023-12-20 06:03:15');
INSERT INTO `Message` (`message_id`, `chat_id`, `from_coach`, `message`, `sent_at`, `last_update`) VALUES (110, 5, 1, 'Dolor odit omnis ut ipsa harum repellendus explicabo accusantium.', '2023-11-21 13:39:58', '2023-12-20 06:03:15');
INSERT INTO `Message` (`message_id`, `chat_id`, `from_coach`, `message`, `sent_at`, `last_update`) VALUES (111, 3, 0, 'Perspiciatis quo in deserunt est quisquam quia qui veniam.', '2023-11-21 17:06:54', '2023-12-20 06:03:15');

INSERT INTO `ClientInitialSurvey` VALUES (1,1,'1975-10-19','non-binary','6\'3\'\'',105.00,'Maintain',143.00,'2023-12-20 06:18:25'),(2,2,'2006-04-05','male','5\'6\'\'',189.00,'Maintain',132.00,'2023-12-20 06:18:25'),(3,3,'2003-11-19','male','6\'1\'\'',114.00,'Maintain',156.00,'2023-12-20 06:18:25'),(4,4,'2008-01-11','no-answer','5\'8\'\'',141.00,'Maintain',132.00,'2023-12-20 06:18:25'),(5,5,'1985-03-20','no-answer','5\'6\'\'',126.00,'Maintain',132.00,'2023-12-20 06:18:25'),(6,6,'1973-07-27','male','6\'2\'\'',110.00,'Maintain',152.00,'2023-12-20 06:18:25'),(7,7,'1975-08-06','male','5\'6\'\'',126.00,'Maintain',132.00,'2023-12-20 06:18:25'),(8,8,'2019-05-22','other','5\'9\'\'',118.00,'Maintain',146.00,'2023-12-20 06:18:25'),(9,9,'1970-06-28','non-binary','6\'3\'\'',106.00,'Maintain',131.00,'2023-12-20 06:18:25'),(10,10,'2005-09-25','male','6\'0\'\'',149.00,'Maintain',134.00,'2023-12-20 06:18:25'),(11,11,'2018-03-04','female','5\'9\'\'',125.00,'Maintain',154.00,'2023-12-20 06:18:25'),(12,12,'1973-03-23','other','5\'6\'\'',152.00,'Maintain',158.00,'2023-12-20 06:18:25'),(13,13,'1997-08-21','no-answer','5\'7\'\'',129.00,'Maintain',155.00,'2023-12-20 06:18:25'),(14,14,'1991-11-26','other','6\'2\'\'',172.00,'Maintain',155.00,'2023-12-20 06:18:25'),(15,15,'2011-12-30','no-answer','5\'6\'\'',162.00,'Maintain',148.00,'2023-12-20 06:18:25'),(16,16,'1993-01-18','other','6\'3\'\'',184.00,'Maintain',145.00,'2023-12-20 06:18:25'),(17,17,'2008-11-19','male','6\'0\'\'',128.00,'Maintain',159.00,'2023-12-20 06:18:25'),(18,18,'1985-04-03','other','5\'10\'\'',193.00,'Maintain',151.00,'2023-12-20 06:18:25'),(19,19,'2014-03-04','non-binary','6\'3\'\'',199.00,'Maintain',131.00,'2023-12-20 06:18:25'),(20,20,'2017-07-03','male','5\'10\'\'',188.00,'Maintain',142.00,'2023-12-20 06:18:25'),(21,21,'1981-05-30','female','5\'8\'\'',126.00,'Maintain',154.00,'2023-12-20 06:18:25'),(22,22,'2009-07-12','no-answer','5\'11\'\'',118.00,'Maintain',131.00,'2023-12-20 06:18:25'),(23,23,'2007-01-15','female','6\'0\'\'',154.00,'Maintain',137.00,'2023-12-20 06:18:25'),(24,24,'1993-06-11','female','5\'6\'\'',142.00,'Maintain',139.00,'2023-12-20 06:18:25'),(25,25,'1991-01-02','male','5\'7\'\'',136.00,'Maintain',156.00,'2023-12-20 06:18:25'),(26,26,'1972-09-03','non-binary','6\'3\'\'',177.00,'Maintain',154.00,'2023-12-20 06:18:25'),(27,27,'2001-11-29','other','5\'6\'\'',112.00,'Maintain',138.00,'2023-12-20 06:18:25'),(28,28,'2013-01-08','other','5\'6\'\'',132.00,'Maintain',152.00,'2023-12-20 06:18:25'),(29,29,'2017-09-30','no-answer','5\'11\'\'',168.00,'Maintain',160.00,'2023-12-20 06:18:25'),(30,30,'1970-04-20','other','5\'7\'\'',120.00,'Maintain',157.00,'2023-12-20 06:18:25'),(31,31,'2000-09-20','non-binary','5\'7\'\'',111.00,'Maintain',143.00,'2023-12-20 06:18:25'),(32,32,'1982-04-25','no-answer','6\'2\'\'',146.00,'Maintain',134.00,'2023-12-20 06:18:25'),(33,33,'1985-07-22','non-binary','6\'1\'\'',151.00,'Maintain',154.00,'2023-12-20 06:18:25'),(34,34,'2021-10-04','female','6\'3\'\'',162.00,'Maintain',136.00,'2023-12-20 06:18:25'),(35,35,'1986-05-09','other','6\'3\'\'',141.00,'Maintain',158.00,'2023-12-20 06:18:25'),(36,36,'1983-05-07','male','5\'9\'\'',198.00,'Maintain',160.00,'2023-12-20 06:18:25'),(37,37,'1975-05-22','non-binary','5\'8\'\'',132.00,'Maintain',146.00,'2023-12-20 06:18:25'),(38,38,'1972-08-27','male','6\'2\'\'',109.00,'Maintain',131.00,'2023-12-20 06:18:25'),(39,39,'1970-12-24','non-binary','5\'7\'\'',101.00,'Maintain',146.00,'2023-12-20 06:18:25'),(40,40,'2006-12-25','non-binary','6\'3\'\'',141.00,'Maintain',139.00,'2023-12-20 06:18:25'),(41,41,'2014-10-16','male','5\'8\'\'',109.00,'Maintain',144.00,'2023-12-20 06:18:25'),(42,42,'2022-01-23','male','5\'9\'\'',156.00,'Maintain',143.00,'2023-12-20 06:18:25'),(43,43,'2001-11-08','no-answer','6\'1\'\'',156.00,'Maintain',160.00,'2023-12-20 06:18:25'),(44,44,'2006-09-22','non-binary','5\'7\'\'',111.00,'Maintain',134.00,'2023-12-20 06:18:25'),(45,45,'2021-01-12','non-binary','6\'3\'\'',170.00,'Maintain',149.00,'2023-12-20 06:18:25'),(46,46,'2022-05-16','other','6\'0\'\'',101.00,'Maintain',140.00,'2023-12-20 06:18:25'),(47,47,'1987-12-19','non-binary','5\'7\'\'',194.00,'Maintain',153.00,'2023-12-20 06:18:25'),(48,48,'1973-01-21','non-binary','6\'1\'\'',189.00,'Maintain',141.00,'2023-12-20 06:18:25'),(49,49,'1985-12-23','other','5\'8\'\'',179.00,'Maintain',132.00,'2023-12-20 06:18:25'),(50,50,'1986-01-30','other','6\'2\'\'',145.00,'Maintain',147.00,'2023-12-20 06:18:25'),(51,51,'1983-05-26','male','6\'0\'\'',156.00,'Maintain',137.00,'2023-12-20 06:18:25'),(52,52,'1987-07-13','other','5\'9\'\'',182.00,'Maintain',130.00,'2023-12-20 06:18:25'),(53,53,'2005-01-16','no-answer','5\'9\'\'',170.00,'Maintain',135.00,'2023-12-20 06:18:25'),(54,54,'1975-09-24','male','5\'9\'\'',137.00,'Maintain',147.00,'2023-12-20 06:18:25'),(55,55,'1993-04-29','no-answer','5\'11\'\'',117.00,'Maintain',144.00,'2023-12-20 06:18:25'),(56,56,'1984-08-20','female','5\'6\'\'',106.00,'Maintain',135.00,'2023-12-20 06:18:25'),(57,57,'1991-10-24','no-answer','5\'11\'\'',165.00,'Maintain',138.00,'2023-12-20 06:18:25'),(58,58,'2011-06-18','non-binary','6\'2\'\'',130.00,'Maintain',159.00,'2023-12-20 06:18:25'),(59,59,'1990-03-27','no-answer','6\'0\'\'',133.00,'Maintain',158.00,'2023-12-20 06:18:25'),(60,60,'1990-02-06','no-answer','5\'9\'\'',156.00,'Maintain',134.00,'2023-12-20 06:18:25'),(61,61,'1993-05-28','no-answer','5\'8\'\'',125.00,'Maintain',143.00,'2023-12-20 06:18:25'),(62,62,'1971-10-17','no-answer','5\'9\'\'',166.00,'Maintain',150.00,'2023-12-20 06:18:25'),(63,63,'1971-03-29','non-binary','5\'7\'\'',189.00,'Maintain',134.00,'2023-12-20 06:18:25'),(64,64,'1987-11-10','male','6\'3\'\'',189.00,'Maintain',150.00,'2023-12-20 06:18:25'),(65,65,'2007-03-22','male','5\'11\'\'',104.00,'Maintain',135.00,'2023-12-20 06:18:25'),(66,66,'1986-03-20','non-binary','6\'2\'\'',152.00,'Maintain',155.00,'2023-12-20 06:18:25'),(67,67,'2016-11-30','no-answer','5\'7\'\'',139.00,'Maintain',137.00,'2023-12-20 06:18:25'),(68,68,'1993-07-31','other','5\'6\'\'',195.00,'Maintain',159.00,'2023-12-20 06:18:25'),(69,69,'2022-10-23','other','5\'11\'\'',127.00,'Maintain',142.00,'2023-12-20 06:18:25'),(70,70,'2004-02-13','female','6\'1\'\'',167.00,'Maintain',155.00,'2023-12-20 06:18:25'),(71,71,'1973-05-27','male','5\'10\'\'',102.00,'Maintain',144.00,'2023-12-20 06:18:25'),(72,72,'1998-01-21','other','6\'1\'\'',180.00,'Maintain',143.00,'2023-12-20 06:18:25'),(73,73,'2016-03-06','no-answer','5\'10\'\'',181.00,'Maintain',145.00,'2023-12-20 06:18:25'),(74,74,'1977-09-28','female','5\'6\'\'',135.00,'Maintain',155.00,'2023-12-20 06:18:25'),(75,75,'1975-05-15','male','5\'10\'\'',152.00,'Maintain',152.00,'2023-12-20 06:18:25'),(76,76,'1971-11-06','non-binary','6\'3\'\'',135.00,'Maintain',149.00,'2023-12-20 06:18:25'),(77,77,'1999-05-10','non-binary','6\'3\'\'',109.00,'Maintain',146.00,'2023-12-20 06:18:25'),(78,78,'1977-03-21','female','6\'2\'\'',151.00,'Maintain',153.00,'2023-12-20 06:18:25'),(79,79,'2022-11-17','other','5\'8\'\'',181.00,'Maintain',148.00,'2023-12-20 06:18:25'),(80,80,'2016-06-28','male','6\'3\'\'',187.00,'Maintain',149.00,'2023-12-20 06:18:25'),(81,81,'2002-09-28','male','5\'9\'\'',142.00,'Maintain',153.00,'2023-12-20 06:18:25'),(82,82,'2017-01-26','female','6\'0\'\'',126.00,'Maintain',153.00,'2023-12-20 06:18:25'),(83,83,'2020-10-08','non-binary','5\'8\'\'',104.00,'Maintain',154.00,'2023-12-20 06:18:25'),(84,84,'2003-04-30','female','6\'3\'\'',123.00,'Maintain',138.00,'2023-12-20 06:18:25'),(85,85,'2006-06-07','other','6\'0\'\'',157.00,'Maintain',144.00,'2023-12-20 06:18:25'),(86,86,'1995-02-09','no-answer','5\'9\'\'',148.00,'Maintain',131.00,'2023-12-20 06:18:25'),(87,87,'1986-11-28','non-binary','5\'10\'\'',102.00,'Maintain',141.00,'2023-12-20 06:18:25'),(88,88,'1975-12-27','female','6\'2\'\'',178.00,'Maintain',147.00,'2023-12-20 06:18:25'),(89,89,'1996-01-27','other','5\'10\'\'',199.00,'Maintain',150.00,'2023-12-20 06:18:25'),(90,90,'2018-03-18','non-binary','6\'3\'\'',170.00,'Maintain',153.00,'2023-12-20 06:18:25'),(91,91,'2018-09-19','female','5\'6\'\'',121.00,'Maintain',156.00,'2023-12-20 06:18:25'),(92,92,'2010-05-30','non-binary','6\'1\'\'',172.00,'Maintain',141.00,'2023-12-20 06:18:25'),(93,93,'2012-09-18','no-answer','5\'11\'\'',189.00,'Maintain',151.00,'2023-12-20 06:18:25'),(94,94,'1988-03-13','male','5\'6\'\'',190.00,'Maintain',150.00,'2023-12-20 06:18:25'),(95,95,'2011-04-10','non-binary','5\'7\'\'',183.00,'Maintain',150.00,'2023-12-20 06:18:25'),(96,96,'1972-07-30','female','6\'0\'\'',110.00,'Maintain',138.00,'2023-12-20 06:18:25'),(97,97,'1977-05-22','no-answer','5\'10\'\'',155.00,'Maintain',156.00,'2023-12-20 06:18:25'),(98,98,'2011-08-30','female','5\'10\'\'',191.00,'Maintain',133.00,'2023-12-20 06:18:25'),(99,99,'1982-03-25','no-answer','5\'9\'\'',197.00,'Maintain',153.00,'2023-12-20 06:18:25'),(100,100,'1983-08-10','other','6\'2\'\'',137.00,'Maintain',142.00,'2023-12-20 06:18:25');


INSERT INTO `CoachInitialSurvey` (`survey_id`, `user_id`, `experience`, `specializations`, `city`, `state`, `price`, `is_pending_approval`, `is_approved`, `last_update`) VALUES (2, 2, 14, 'Losing Weight', 'Lake Norberttown', 'Kentucky', '75', 0, 1, '2023-12-20 05:32:47');
INSERT INTO `CoachInitialSurvey` (`survey_id`, `user_id`, `experience`, `specializations`, `city`, `state`, `price`, `is_pending_approval`, `is_approved`, `last_update`) VALUES (13, 13, 6, 'Losing Weight', 'North Eugene', 'Kentucky', '47', 0, 1, '2023-12-20 05:32:47');
INSERT INTO `CoachInitialSurvey` (`survey_id`, `user_id`, `experience`, `specializations`, `city`, `state`, `price`, `is_pending_approval`, `is_approved`, `last_update`) VALUES (14, 14, 3, 'Getting Stronger', 'New Cooper', 'Nevada', '72', 0, 1, '2023-12-20 05:32:47');
INSERT INTO `CoachInitialSurvey` (`survey_id`, `user_id`, `experience`, `specializations`, `city`, `state`, `price`, `is_pending_approval`, `is_approved`, `last_update`) VALUES (15, 15, 13, 'Getting Faster', 'Bettiebury', 'Oklahoma', '98', 0, 1, '2023-12-20 05:32:47');
INSERT INTO `CoachInitialSurvey` (`survey_id`, `user_id`, `experience`, `specializations`, `city`, `state`, `price`, `is_pending_approval`, `is_approved`, `last_update`) VALUES (16, 16, 3, 'Losing Weight', 'East Kelli', 'NewMexico', '90', 0, 1, '2023-12-20 05:32:47');
INSERT INTO `CoachInitialSurvey` (`survey_id`, `user_id`, `experience`, `specializations`, `city`, `state`, `price`, `is_pending_approval`, `is_approved`, `last_update`) VALUES (17, 17, 13, 'Building Muscle', 'Wilkinsonborough', 'NorthCarolina', '86', 0, 1, '2023-12-20 05:32:47');
INSERT INTO `CoachInitialSurvey` (`survey_id`, `user_id`, `experience`, `specializations`, `city`, `state`, `price`, `is_pending_approval`, `is_approved`, `last_update`) VALUES (18, 18, 4, 'Getting Stronger', 'Kemmerbury', 'Washington', '74', 0, 1, '2023-12-20 05:32:47');
INSERT INTO `CoachInitialSurvey` (`survey_id`, `user_id`, `experience`, `specializations`, `city`, `state`, `price`, `is_pending_approval`, `is_approved`, `last_update`) VALUES (19, 19, 7, 'Getting Stronger', 'East Gagefort', 'Alaska', '68', 0, 1, '2023-12-20 05:32:47');
INSERT INTO `CoachInitialSurvey` (`survey_id`, `user_id`, `experience`, `specializations`, `city`, `state`, `price`, `is_pending_approval`, `is_approved`, `last_update`) VALUES (20, 20, 3, 'Losing Weight', 'New Katrina', 'Kentucky', '25', 0, 1, '2023-12-20 05:32:47');
INSERT INTO `CoachInitialSurvey` (`survey_id`, `user_id`, `experience`, `specializations`, `city`, `state`, `price`, `is_pending_approval`, `is_approved`, `last_update`) VALUES (21, 21, 14, 'Building Muscle', 'Wiegandmouth', 'Missouri', '78', 0, 1, '2023-12-20 05:32:47');
INSERT INTO `CoachInitialSurvey` (`survey_id`, `user_id`, `experience`, `specializations`, `city`, `state`, `price`, `is_pending_approval`, `is_approved`, `last_update`) VALUES (22, 22, 7, 'Gaining Weight', 'Lake Karina', 'Virginia', '71', 0, 1, '2023-12-20 05:32:47');
INSERT INTO `CoachInitialSurvey` (`survey_id`, `user_id`, `experience`, `specializations`, `city`, `state`, `price`, `is_pending_approval`, `is_approved`, `last_update`) VALUES (23, 23, 8, 'Gaining Weight', 'Tremaynemouth', 'Maryland', '33', 0, 1, '2023-12-20 05:32:47');
INSERT INTO `CoachInitialSurvey` (`survey_id`, `user_id`, `experience`, `specializations`, `city`, `state`, `price`, `is_pending_approval`, `is_approved`, `last_update`) VALUES (24, 24, 14, 'Losing Weight', 'North Russelport', 'Minnesota', '28', 0, 1, '2023-12-20 05:32:47');
INSERT INTO `CoachInitialSurvey` (`survey_id`, `user_id`, `experience`, `specializations`, `city`, `state`, `price`, `is_pending_approval`, `is_approved`, `last_update`) VALUES (25, 25, 11, 'Getting Stronger', 'North Lauren', 'NewMexico', '38', 0, 1, '2023-12-20 05:32:47');
INSERT INTO `CoachInitialSurvey` (`survey_id`, `user_id`, `experience`, `specializations`, `city`, `state`, `price`, `is_pending_approval`, `is_approved`, `last_update`) VALUES (26, 26, 10, 'Getting Faster', 'Hodkiewiczchester', 'Kansas', '81', 0, 1, '2023-12-20 05:32:47');
INSERT INTO `CoachInitialSurvey` (`survey_id`, `user_id`, `experience`, `specializations`, `city`, `state`, `price`, `is_pending_approval`, `is_approved`, `last_update`) VALUES (27, 27, 11, 'Getting Faster', 'Port Fabiola', 'NewYork', '86', 0, 1, '2023-12-20 05:32:47');
INSERT INTO `CoachInitialSurvey` (`survey_id`, `user_id`, `experience`, `specializations`, `city`, `state`, `price`, `is_pending_approval`, `is_approved`, `last_update`) VALUES (28, 28, 14, 'Getting Faster', 'East Ned', 'NewHampshire', '47', 0, 1, '2023-12-20 05:32:47');
INSERT INTO `CoachInitialSurvey` (`survey_id`, `user_id`, `experience`, `specializations`, `city`, `state`, `price`, `is_pending_approval`, `is_approved`, `last_update`) VALUES (29, 29, 10, 'Getting Stronger', 'Port Tiahaven', 'Nebraska', '60', 0, 1, '2023-12-20 05:32:47');
INSERT INTO `CoachInitialSurvey` (`survey_id`, `user_id`, `experience`, `specializations`, `city`, `state`, `price`, `is_pending_approval`, `is_approved`, `last_update`) VALUES (30, 30, 1, 'Getting Faster', 'East Antonia', 'Connecticut', '88', 0, 1, '2023-12-20 05:32:47');
INSERT INTO `CoachInitialSurvey` (`survey_id`, `user_id`, `experience`, `specializations`, `city`, `state`, `price`, `is_pending_approval`, `is_approved`, `last_update`) VALUES (31, 31, 7, 'Gaining Weight', 'Gibsonfurt', 'NewJersey', '73', 0, 1, '2023-12-20 05:32:47');
INSERT INTO `CoachInitialSurvey` (`survey_id`, `user_id`, `experience`, `specializations`, `city`, `state`, `price`, `is_pending_approval`, `is_approved`, `last_update`) VALUES (32, 32, 6, 'Losing Weight', 'East Shayna', 'California', '79', 0, 1, '2023-12-20 05:32:47');
INSERT INTO `CoachInitialSurvey` (`survey_id`, `user_id`, `experience`, `specializations`, `city`, `state`, `price`, `is_pending_approval`, `is_approved`, `last_update`) VALUES (33, 33, 2, 'Getting Faster', 'Beahanbury', 'Georgia', '92', 0, 1, '2023-12-20 05:32:47');
INSERT INTO `CoachInitialSurvey` (`survey_id`, `user_id`, `experience`, `specializations`, `city`, `state`, `price`, `is_pending_approval`, `is_approved`, `last_update`) VALUES (34, 34, 11, 'Building Muscle', 'Fisherview', 'Vermont', '36', 0, 1, '2023-12-20 05:32:47');
INSERT INTO `CoachInitialSurvey` (`survey_id`, `user_id`, `experience`, `specializations`, `city`, `state`, `price`, `is_pending_approval`, `is_approved`, `last_update`) VALUES (35, 35, 13, 'Gaining Weight', 'Vandervortchester', 'NewHampshire', '43', 0, 1, '2023-12-20 05:32:47');
INSERT INTO `CoachInitialSurvey` (`survey_id`, `user_id`, `experience`, `specializations`, `city`, `state`, `price`, `is_pending_approval`, `is_approved`, `last_update`) VALUES (36, 36, 7, 'Getting Stronger', 'South Ottilieside', 'NewHampshire', '82', 0, 1, '2023-12-20 05:32:47');
INSERT INTO `CoachInitialSurvey` (`survey_id`, `user_id`, `experience`, `specializations`, `city`, `state`, `price`, `is_pending_approval`, `is_approved`, `last_update`) VALUES (37, 37, 15, 'Gaining Weight', 'North Hugh', 'NewMexico', '27', 0, 1, '2023-12-20 05:32:47');
INSERT INTO `CoachInitialSurvey` (`survey_id`, `user_id`, `experience`, `specializations`, `city`, `state`, `price`, `is_pending_approval`, `is_approved`, `last_update`) VALUES (38, 38, 5, 'Losing Weight', 'Cassinberg', 'Nebraska', '24', 0, 1, '2023-12-20 05:32:47');
INSERT INTO `CoachInitialSurvey` (`survey_id`, `user_id`, `experience`, `specializations`, `city`, `state`, `price`, `is_pending_approval`, `is_approved`, `last_update`) VALUES (39, 39, 4, 'Getting Stronger', 'New Maiastad', 'Wisconsin', '35', 0, 1, '2023-12-20 05:32:47');
INSERT INTO `CoachInitialSurvey` (`survey_id`, `user_id`, `experience`, `specializations`, `city`, `state`, `price`, `is_pending_approval`, `is_approved`, `last_update`) VALUES (40, 40, 12, 'Gaining Weight', 'South Johanmouth', 'Ohio', '85', 0, 1, '2023-12-20 05:32:47');
INSERT INTO `CoachInitialSurvey` (`survey_id`, `user_id`, `experience`, `specializations`, `city`, `state`, `price`, `is_pending_approval`, `is_approved`, `last_update`) VALUES (41, 41, 10, 'Gaining Weight', 'Flatleyshire', 'Alaska', '39', 0, 1, '2023-12-20 05:32:47');
INSERT INTO `CoachInitialSurvey` (`survey_id`, `user_id`, `experience`, `specializations`, `city`, `state`, `price`, `is_pending_approval`, `is_approved`, `last_update`) VALUES (42, 42, 13, 'Losing Weight', 'Alainaborough', 'NewMexico', '63', 0, 1, '2023-12-20 05:32:47');
INSERT INTO `CoachInitialSurvey` (`survey_id`, `user_id`, `experience`, `specializations`, `city`, `state`, `price`, `is_pending_approval`, `is_approved`, `last_update`) VALUES (43, 43, 1, 'Getting Stronger', 'New Laurence', 'Nevada', '37', 0, 1, '2023-12-20 05:32:47');
INSERT INTO `CoachInitialSurvey` (`survey_id`, `user_id`, `experience`, `specializations`, `city`, `state`, `price`, `is_pending_approval`, `is_approved`, `last_update`) VALUES (44, 44, 12, 'Getting Stronger', 'Kutchfurt', 'Washington', '44', 0, 1, '2023-12-20 05:32:47');
INSERT INTO `CoachInitialSurvey` (`survey_id`, `user_id`, `experience`, `specializations`, `city`, `state`, `price`, `is_pending_approval`, `is_approved`, `last_update`) VALUES (45, 45, 9, 'Gaining Weight', 'Port Madeline', 'Hawaii', '41', 0, 1, '2023-12-20 05:32:47');
INSERT INTO `CoachInitialSurvey` (`survey_id`, `user_id`, `experience`, `specializations`, `city`, `state`, `price`, `is_pending_approval`, `is_approved`, `last_update`) VALUES (46, 46, 7, 'Gaining Weight', 'East Helen', 'Nebraska', '57', 0, 1, '2023-12-20 05:32:47');
INSERT INTO `CoachInitialSurvey` (`survey_id`, `user_id`, `experience`, `specializations`, `city`, `state`, `price`, `is_pending_approval`, `is_approved`, `last_update`) VALUES (47, 47, 2, 'Getting Faster', 'Bayershire', 'Kansas', '75', 0, 1, '2023-12-20 05:32:47');
INSERT INTO `CoachInitialSurvey` (`survey_id`, `user_id`, `experience`, `specializations`, `city`, `state`, `price`, `is_pending_approval`, `is_approved`, `last_update`) VALUES (48, 48, 2, 'Losing Weight', 'South Colbyside', 'Kentucky', '95', 0, 1, '2023-12-20 05:32:47');
INSERT INTO `CoachInitialSurvey` (`survey_id`, `user_id`, `experience`, `specializations`, `city`, `state`, `price`, `is_pending_approval`, `is_approved`, `last_update`) VALUES (49, 49, 9, 'Getting Faster', 'Homenickborough', 'Texas', '90', 0, 1, '2023-12-20 05:32:47');
INSERT INTO `CoachInitialSurvey` (`survey_id`, `user_id`, `experience`, `specializations`, `city`, `state`, `price`, `is_pending_approval`, `is_approved`, `last_update`) VALUES (50, 50, 2, 'Getting Faster', 'Lake Ofelia', 'District of Columbia', '37', 0, 1, '2023-12-20 05:32:47');
INSERT INTO `CoachInitialSurvey` (`survey_id`, `user_id`, `experience`, `specializations`, `city`, `state`, `price`, `is_pending_approval`, `is_approved`, `last_update`) VALUES (51, 51, 14, 'Gaining Weight', 'Lake Evelynberg', 'Texas', '62', 0, 1, '2023-12-20 05:32:47');
INSERT INTO `CoachInitialSurvey` (`survey_id`, `user_id`, `experience`, `specializations`, `city`, `state`, `price`, `is_pending_approval`, `is_approved`, `last_update`) VALUES (52, 52, 1, 'Losing Weight', 'Lake Salliefurt', 'Louisiana', '27', 0, 1, '2023-12-20 05:32:47');
INSERT INTO `CoachInitialSurvey` (`survey_id`, `user_id`, `experience`, `specializations`, `city`, `state`, `price`, `is_pending_approval`, `is_approved`, `last_update`) VALUES (53, 53, 10, 'Building Muscle', 'Lake Makayla', 'California', '91', 0, 1, '2023-12-20 05:32:47');
INSERT INTO `CoachInitialSurvey` (`survey_id`, `user_id`, `experience`, `specializations`, `city`, `state`, `price`, `is_pending_approval`, `is_approved`, `last_update`) VALUES (54, 54, 7, 'Building Muscle', 'South Tatyanaburgh', 'Arizona', '83', 0, 1, '2023-12-20 05:32:47');
INSERT INTO `CoachInitialSurvey` (`survey_id`, `user_id`, `experience`, `specializations`, `city`, `state`, `price`, `is_pending_approval`, `is_approved`, `last_update`) VALUES (55, 55, 7, 'Getting Stronger', 'West Delaneyville', 'Minnesota', '88', 0, 1, '2023-12-20 05:32:47');
INSERT INTO `CoachInitialSurvey` (`survey_id`, `user_id`, `experience`, `specializations`, `city`, `state`, `price`, `is_pending_approval`, `is_approved`, `last_update`) VALUES (56, 56, 3, 'Building Muscle', 'Lake Sylvanside', 'WestVirginia', '70', 0, 1, '2023-12-20 05:32:47');
INSERT INTO `CoachInitialSurvey` (`survey_id`, `user_id`, `experience`, `specializations`, `city`, `state`, `price`, `is_pending_approval`, `is_approved`, `last_update`) VALUES (57, 57, 7, 'Getting Faster', 'Bodeside', 'Nebraska', '84', 0, 1, '2023-12-20 05:32:47');
INSERT INTO `CoachInitialSurvey` (`survey_id`, `user_id`, `experience`, `specializations`, `city`, `state`, `price`, `is_pending_approval`, `is_approved`, `last_update`) VALUES (58, 58, 2, 'Gaining Weight', 'Kiannastad', 'NewHampshire', '29', 0, 1, '2023-12-20 05:32:47');
INSERT INTO `CoachInitialSurvey` (`survey_id`, `user_id`, `experience`, `specializations`, `city`, `state`, `price`, `is_pending_approval`, `is_approved`, `last_update`) VALUES (59, 59, 11, 'Gaining Weight', 'North Gayle', 'Texas', '26', 0, 1, '2023-12-20 05:32:47');
INSERT INTO `CoachInitialSurvey` (`survey_id`, `user_id`, `experience`, `specializations`, `city`, `state`, `price`, `is_pending_approval`, `is_approved`, `last_update`) VALUES (60, 60, 14, 'Getting Stronger', 'Imeldashire', 'Nebraska', '79', 0, 1, '2023-12-20 05:32:47');
INSERT INTO `CoachInitialSurvey` (`survey_id`, `user_id`, `experience`, `specializations`, `city`, `state`, `price`, `is_pending_approval`, `is_approved`, `last_update`) VALUES (61, 61, 8, 'Gaining Weight', 'Port Zionview', 'Alaska', '59', 0, 1, '2023-12-20 05:32:47');
INSERT INTO `CoachInitialSurvey` (`survey_id`, `user_id`, `experience`, `specializations`, `city`, `state`, `price`, `is_pending_approval`, `is_approved`, `last_update`) VALUES (62, 62, 12, 'Losing Weight', 'Uptonberg', 'Arkansas', '95', 0, 1, '2023-12-20 05:32:47');
INSERT INTO `CoachInitialSurvey` (`survey_id`, `user_id`, `experience`, `specializations`, `city`, `state`, `price`, `is_pending_approval`, `is_approved`, `last_update`) VALUES (63, 63, 3, 'Building Muscle', 'Alexzandermouth', 'Maryland', '81', 0, 1, '2023-12-20 05:32:47');
INSERT INTO `CoachInitialSurvey` (`survey_id`, `user_id`, `experience`, `specializations`, `city`, `state`, `price`, `is_pending_approval`, `is_approved`, `last_update`) VALUES (64, 64, 5, 'Getting Stronger', 'Pollichborough', 'WestVirginia', '39', 0, 1, '2023-12-20 05:32:47');
INSERT INTO `CoachInitialSurvey` (`survey_id`, `user_id`, `experience`, `specializations`, `city`, `state`, `price`, `is_pending_approval`, `is_approved`, `last_update`) VALUES (65, 65, 10, 'Building Muscle', 'Johnsonton', 'Alabama', '53', 0, 1, '2023-12-20 05:32:47');
INSERT INTO `CoachInitialSurvey` (`survey_id`, `user_id`, `experience`, `specializations`, `city`, `state`, `price`, `is_pending_approval`, `is_approved`, `last_update`) VALUES (66, 66, 11, 'Getting Stronger', 'East Lia', 'Massachusetts', '57', 0, 1, '2023-12-20 05:32:47');
INSERT INTO `CoachInitialSurvey` (`survey_id`, `user_id`, `experience`, `specializations`, `city`, `state`, `price`, `is_pending_approval`, `is_approved`, `last_update`) VALUES (67, 67, 13, 'Losing Weight', 'Aureliatown', 'NewYork', '69', 0, 1, '2023-12-20 05:32:47');
INSERT INTO `CoachInitialSurvey` (`survey_id`, `user_id`, `experience`, `specializations`, `city`, `state`, `price`, `is_pending_approval`, `is_approved`, `last_update`) VALUES (68, 68, 4, 'Gaining Weight', 'West Abdullah', 'Arizona', '40', 0, 1, '2023-12-20 05:32:47');
INSERT INTO `CoachInitialSurvey` (`survey_id`, `user_id`, `experience`, `specializations`, `city`, `state`, `price`, `is_pending_approval`, `is_approved`, `last_update`) VALUES (69, 69, 11, 'Building Muscle', 'Raynorfort', 'WestVirginia', '29', 0, 1, '2023-12-20 05:32:47');
INSERT INTO `CoachInitialSurvey` (`survey_id`, `user_id`, `experience`, `specializations`, `city`, `state`, `price`, `is_pending_approval`, `is_approved`, `last_update`) VALUES (70, 70, 11, 'Losing Weight', 'New Clemmieland', 'Massachusetts', '59', 0, 1, '2023-12-20 05:32:47');
INSERT INTO `CoachInitialSurvey` (`survey_id`, `user_id`, `experience`, `specializations`, `city`, `state`, `price`, `is_pending_approval`, `is_approved`, `last_update`) VALUES (71, 71, 15, 'Losing Weight', 'Cindyfort', 'Wyoming', '48', 0, 1, '2023-12-20 05:32:47');
INSERT INTO `CoachInitialSurvey` (`survey_id`, `user_id`, `experience`, `specializations`, `city`, `state`, `price`, `is_pending_approval`, `is_approved`, `last_update`) VALUES (72, 72, 5, 'Gaining Weight', 'North Eva', 'Illinois', '86', 0, 1, '2023-12-20 05:32:47');
INSERT INTO `CoachInitialSurvey` (`survey_id`, `user_id`, `experience`, `specializations`, `city`, `state`, `price`, `is_pending_approval`, `is_approved`, `last_update`) VALUES (73, 73, 14, 'Building Muscle', 'South Rollinmouth', 'Indiana', '54', 0, 1, '2023-12-20 05:32:47');
INSERT INTO `CoachInitialSurvey` (`survey_id`, `user_id`, `experience`, `specializations`, `city`, `state`, `price`, `is_pending_approval`, `is_approved`, `last_update`) VALUES (74, 74, 14, 'Building Muscle', 'Dickinsonburgh', 'Kentucky', '51', 0, 1, '2023-12-20 05:32:47');
INSERT INTO `CoachInitialSurvey` (`survey_id`, `user_id`, `experience`, `specializations`, `city`, `state`, `price`, `is_pending_approval`, `is_approved`, `last_update`) VALUES (75, 75, 7, 'Gaining Weight', 'Lake Christopshire', 'Connecticut', '48', 0, 1, '2023-12-20 05:32:47');
INSERT INTO `CoachInitialSurvey` (`survey_id`, `user_id`, `experience`, `specializations`, `city`, `state`, `price`, `is_pending_approval`, `is_approved`, `last_update`) VALUES (76, 76, 15, 'Building Muscle', 'East Justice', 'Michigan', '98', 0, 1, '2023-12-20 05:32:47');
INSERT INTO `CoachInitialSurvey` (`survey_id`, `user_id`, `experience`, `specializations`, `city`, `state`, `price`, `is_pending_approval`, `is_approved`, `last_update`) VALUES (77, 77, 2, 'Gaining Weight', 'North Abel', 'Idaho', '55', 0, 1, '2023-12-20 05:32:47');
INSERT INTO `CoachInitialSurvey` (`survey_id`, `user_id`, `experience`, `specializations`, `city`, `state`, `price`, `is_pending_approval`, `is_approved`, `last_update`) VALUES (78, 78, 8, 'Getting Faster', 'Ricemouth', 'Oregon', '59', 0, 1, '2023-12-20 05:32:47');
INSERT INTO `CoachInitialSurvey` (`survey_id`, `user_id`, `experience`, `specializations`, `city`, `state`, `price`, `is_pending_approval`, `is_approved`, `last_update`) VALUES (79, 79, 12, 'Building Muscle', 'North Mayra', 'Massachusetts', '73', 0, 1, '2023-12-20 05:32:47');
INSERT INTO `CoachInitialSurvey` (`survey_id`, `user_id`, `experience`, `specializations`, `city`, `state`, `price`, `is_pending_approval`, `is_approved`, `last_update`) VALUES (80, 80, 5, 'Getting Stronger', 'Ernieside', 'Wyoming', '94', 0, 1, '2023-12-20 05:32:47');
INSERT INTO `CoachInitialSurvey` (`survey_id`, `user_id`, `experience`, `specializations`, `city`, `state`, `price`, `is_pending_approval`, `is_approved`, `last_update`) VALUES (81, 81, 14, 'Losing Weight', 'South Leslie', 'Alabama', '39', 0, 1, '2023-12-20 05:32:47');
INSERT INTO `CoachInitialSurvey` (`survey_id`, `user_id`, `experience`, `specializations`, `city`, `state`, `price`, `is_pending_approval`, `is_approved`, `last_update`) VALUES (82, 82, 11, 'Losing Weight', 'South Einoport', 'SouthCarolina', '53', 0, 1, '2023-12-20 05:32:47');
INSERT INTO `CoachInitialSurvey` (`survey_id`, `user_id`, `experience`, `specializations`, `city`, `state`, `price`, `is_pending_approval`, `is_approved`, `last_update`) VALUES (83, 83, 10, 'Building Muscle', 'North Francescoton', 'NewJersey', '77', 0, 1, '2023-12-20 05:32:47');
INSERT INTO `CoachInitialSurvey` (`survey_id`, `user_id`, `experience`, `specializations`, `city`, `state`, `price`, `is_pending_approval`, `is_approved`, `last_update`) VALUES (84, 84, 3, 'Gaining Weight', 'Liaton', 'Arkansas', '99', 0, 1, '2023-12-20 05:32:47');
INSERT INTO `CoachInitialSurvey` (`survey_id`, `user_id`, `experience`, `specializations`, `city`, `state`, `price`, `is_pending_approval`, `is_approved`, `last_update`) VALUES (85, 85, 8, 'Gaining Weight', 'Sedrickmouth', 'Tennessee', '91', 0, 1, '2023-12-20 05:32:47');
INSERT INTO `CoachInitialSurvey` (`survey_id`, `user_id`, `experience`, `specializations`, `city`, `state`, `price`, `is_pending_approval`, `is_approved`, `last_update`) VALUES (86, 86, 1, 'Getting Faster', 'Thompsonside', 'Mississippi', '35', 0, 1, '2023-12-20 05:32:47');
INSERT INTO `CoachInitialSurvey` (`survey_id`, `user_id`, `experience`, `specializations`, `city`, `state`, `price`, `is_pending_approval`, `is_approved`, `last_update`) VALUES (87, 87, 9, 'Getting Stronger', 'South Jakeville', 'Washington', '61', 0, 1, '2023-12-20 05:32:47');
INSERT INTO `CoachInitialSurvey` (`survey_id`, `user_id`, `experience`, `specializations`, `city`, `state`, `price`, `is_pending_approval`, `is_approved`, `last_update`) VALUES (88, 88, 3, 'Losing Weight', 'West Luigi', 'Michigan', '58', 1, 0, '2023-12-20 05:32:47');
INSERT INTO `CoachInitialSurvey` (`survey_id`, `user_id`, `experience`, `specializations`, `city`, `state`, `price`, `is_pending_approval`, `is_approved`, `last_update`) VALUES (89, 89, 4, 'Getting Stronger', 'East Bradyhaven', 'Kentucky', '39', 1, 0, '2023-12-20 05:32:47');
INSERT INTO `CoachInitialSurvey` (`survey_id`, `user_id`, `experience`, `specializations`, `city`, `state`, `price`, `is_pending_approval`, `is_approved`, `last_update`) VALUES (90, 90, 13, 'Building Muscle', 'Caleside', 'Maryland', '88', 1, 0, '2023-12-20 05:32:47');
INSERT INTO `CoachInitialSurvey` (`survey_id`, `user_id`, `experience`, `specializations`, `city`, `state`, `price`, `is_pending_approval`, `is_approved`, `last_update`) VALUES (91, 91, 5, 'Losing Weight', 'Jaskolskiland', 'Idaho', '53', 1, 0, '2023-12-20 05:32:47');
INSERT INTO `CoachInitialSurvey` (`survey_id`, `user_id`, `experience`, `specializations`, `city`, `state`, `price`, `is_pending_approval`, `is_approved`, `last_update`) VALUES (92, 92, 2, 'Gaining Weight', 'Simonisshire', 'District of Columbia', '77', 1, 0, '2023-12-20 05:32:47');
INSERT INTO `CoachInitialSurvey` (`survey_id`, `user_id`, `experience`, `specializations`, `city`, `state`, `price`, `is_pending_approval`, `is_approved`, `last_update`) VALUES (93, 93, 8, 'Gaining Weight', 'North Bellaview', 'NewMexico', '46', 1, 0, '2023-12-20 05:32:47');
INSERT INTO `CoachInitialSurvey` (`survey_id`, `user_id`, `experience`, `specializations`, `city`, `state`, `price`, `is_pending_approval`, `is_approved`, `last_update`) VALUES (94, 94, 3, 'Building Muscle', 'West Jeremy', 'Georgia', '62', 1, 0, '2023-12-20 05:32:47');
INSERT INTO `CoachInitialSurvey` (`survey_id`, `user_id`, `experience`, `specializations`, `city`, `state`, `price`, `is_pending_approval`, `is_approved`, `last_update`) VALUES (95, 95, 11, 'Gaining Weight', 'Andreaneborough', 'Wyoming', '78', 1, 0, '2023-12-20 05:32:47');
INSERT INTO `CoachInitialSurvey` (`survey_id`, `user_id`, `experience`, `specializations`, `city`, `state`, `price`, `is_pending_approval`, `is_approved`, `last_update`) VALUES (96, 96, 13, 'Losing Weight', 'Macishire', 'Iowa', '67', 1, 0, '2023-12-20 05:32:47');
INSERT INTO `CoachInitialSurvey` (`survey_id`, `user_id`, `experience`, `specializations`, `city`, `state`, `price`, `is_pending_approval`, `is_approved`, `last_update`) VALUES (97, 97, 3, 'Building Muscle', 'Gorczanymouth', 'Utah', '59', 1, 0, '2023-12-20 05:32:47');
INSERT INTO `CoachInitialSurvey` (`survey_id`, `user_id`, `experience`, `specializations`, `city`, `state`, `price`, `is_pending_approval`, `is_approved`, `last_update`) VALUES (98, 98, 2, 'Getting Stronger', 'Lake Freidachester', 'Hawaii', '68', 1, 0, '2023-12-20 05:32:47');
INSERT INTO `CoachInitialSurvey` (`survey_id`, `user_id`, `experience`, `specializations`, `city`, `state`, `price`, `is_pending_approval`, `is_approved`, `last_update`) VALUES (99, 99, 13, 'Losing Weight', 'Port Santos', 'NewMexico', '61', 1, 0, '2023-12-20 05:32:47');
INSERT INTO `CoachInitialSurvey` (`survey_id`, `user_id`, `experience`, `specializations`, `city`, `state`, `price`, `is_pending_approval`, `is_approved`, `last_update`) VALUES (100, 100, 10, 'Building Muscle', 'Brookborough', 'Tennessee', '70', 1, 0, '2023-12-20 05:32:47');


INSERT INTO `DailySurvey` VALUES (3,'2023-01-11',1713,1618,131,'excited','2023-12-20 06:21:37'),(3,'2023-01-14',2230,1401,128,'neutral','2023-12-20 06:21:37'),(3,'2023-02-04',2184,1682,170,'sad','2023-12-20 06:21:37'),(3,'2023-02-12',1777,1523,159,'','2023-12-20 06:21:37'),(3,'2023-02-27',2098,1808,152,'happy','2023-12-20 06:21:37'),(3,'2023-03-13',2254,1098,146,'','2023-12-20 06:21:37'),(3,'2023-03-31',1940,1966,140,'excited','2023-12-20 06:21:37'),(3,'2023-04-05',2013,1369,154,'neutral','2023-12-20 06:21:37'),(3,'2023-04-14',1862,1701,170,'sad','2023-12-20 06:21:37'),(3,'2023-04-20',1929,1523,138,'','2023-12-20 06:21:37'),(3,'2023-04-29',1791,1832,135,'sad','2023-12-20 06:21:37'),(3,'2023-05-14',2095,1083,149,'','2023-12-20 06:21:37'),(3,'2023-05-31',2049,1672,134,'sad','2023-12-20 06:21:37'),(3,'2023-06-08',2153,1796,148,'','2023-12-20 06:21:37'),(3,'2023-06-21',2209,1839,136,'excited','2023-12-20 06:21:37'),(3,'2023-06-22',2104,1641,154,'happy','2023-12-20 06:21:37'),(3,'2023-06-23',2064,1129,147,'','2023-12-20 06:21:37'),(3,'2023-06-26',2226,1226,129,'happy','2023-12-20 06:21:37'),(3,'2023-07-10',1922,1781,170,'','2023-12-20 06:21:37'),(3,'2023-07-17',1879,1834,168,'happy','2023-12-20 06:21:37'),(3,'2023-07-18',1899,1790,169,'excited','2023-12-20 06:21:37'),(3,'2023-08-01',1852,1898,156,'happy','2023-12-20 06:21:37'),(3,'2023-08-25',2080,1552,171,'','2023-12-20 06:21:37'),(3,'2023-09-07',2283,1571,130,'','2023-12-20 06:21:37'),(3,'2023-09-27',1884,1395,159,'sad','2023-12-20 06:21:37'),(3,'2023-10-08',2032,1136,147,'neutral','2023-12-20 06:21:37'),(3,'2023-10-30',2222,1022,161,'neutral','2023-12-20 06:21:37'),(3,'2023-11-28',2205,1765,175,'excited','2023-12-20 06:21:37'),(3,'2023-12-01',1812,1577,166,'','2023-12-20 06:21:37'),(3,'2023-12-06',1871,1652,174,'happy','2023-12-20 06:21:37'),(4,'2023-01-09',1901,1407,176,'','2023-12-20 06:21:37'),(4,'2023-01-26',2259,1808,176,'happy','2023-12-20 06:21:37'),(4,'2023-03-14',2081,1224,149,'sad','2023-12-20 06:21:37'),(4,'2023-05-25',1854,1249,165,'','2023-12-20 06:21:37'),(4,'2023-06-07',1946,1212,160,'happy','2023-12-20 06:21:37'),(4,'2023-08-18',1783,1991,150,'','2023-12-20 06:21:37'),(4,'2023-08-25',2216,1246,166,'excited','2023-12-20 06:21:37'),(4,'2023-09-26',1740,1981,135,'','2023-12-20 06:21:37'),(4,'2023-10-13',1931,1930,154,'excited','2023-12-20 06:21:37'),(4,'2023-11-03',1870,1798,126,'','2023-12-20 06:21:37'),(4,'2023-11-29',2127,1555,156,'','2023-12-20 06:21:37'),(4,'2023-12-04',1760,1120,176,'','2023-12-20 06:21:37'),(5,'2023-01-16',1850,1063,178,'','2023-12-20 06:21:37'),(5,'2023-02-18',1893,1862,179,'excited','2023-12-20 06:21:37'),(5,'2023-03-09',2190,1649,135,'happy','2023-12-20 06:21:37'),(5,'2023-06-29',1751,1297,169,'excited','2023-12-20 06:21:37'),(5,'2023-07-17',1778,1742,176,'','2023-12-20 06:21:37'),(5,'2023-08-21',2103,1614,149,'happy','2023-12-20 06:21:37'),(5,'2023-08-24',1917,1434,126,'','2023-12-20 06:21:37'),(5,'2023-10-06',1898,1055,126,'','2023-12-20 06:21:37'),(5,'2023-11-06',1792,1379,135,'','2023-12-20 06:21:37'),(5,'2023-11-12',2057,1536,133,'sad','2023-12-20 06:21:37'),(5,'2023-11-28',1784,1131,166,'','2023-12-20 06:21:37'),(5,'2023-11-29',1769,1711,125,'sad','2023-12-20 06:21:37'),(5,'2023-12-05',1750,1319,141,'','2023-12-20 06:21:37'),(6,'2023-01-07',1868,1158,147,'','2023-12-20 06:21:37'),(6,'2023-03-05',1861,1349,144,'sad','2023-12-20 06:21:37'),(6,'2023-03-07',2058,1942,183,'sad','2023-12-20 06:21:37'),(6,'2023-03-22',2010,1615,125,'happy','2023-12-20 06:21:37'),(6,'2023-04-02',2134,1336,133,'','2023-12-20 06:21:37'),(6,'2023-05-17',2138,1449,164,'neutral','2023-12-20 06:21:37'),(6,'2023-05-24',1926,1661,139,'neutral','2023-12-20 06:21:37'),(6,'2023-05-28',1896,1936,128,'','2023-12-20 06:21:37'),(6,'2023-06-02',2253,1759,148,'sad','2023-12-20 06:21:37'),(6,'2023-06-03',1789,1604,142,'sad','2023-12-20 06:21:37'),(6,'2023-06-19',1802,1572,133,'neutral','2023-12-20 06:21:37'),(6,'2023-08-02',2100,1466,154,'excited','2023-12-20 06:21:37'),(6,'2023-08-23',1880,1294,160,'','2023-12-20 06:21:37'),(6,'2023-10-23',1820,1061,180,'','2023-12-20 06:21:37'),(6,'2023-11-09',2261,1412,149,'sad','2023-12-20 06:21:37'),(6,'2023-11-10',1868,1213,126,'','2023-12-20 06:21:37'),(6,'2023-11-12',2130,1074,143,'','2023-12-20 06:21:37'),(6,'2023-12-05',2088,1613,128,'sad','2023-12-20 06:21:37'),(7,'2022-12-29',1953,1383,174,'sad','2023-12-20 06:21:37'),(7,'2023-01-07',2233,1589,155,'neutral','2023-12-20 06:21:37'),(7,'2023-01-14',2066,1295,169,'','2023-12-20 06:21:37'),(7,'2023-01-20',2068,1871,147,'sad','2023-12-20 06:21:37'),(7,'2023-02-03',2282,1435,180,'neutral','2023-12-20 06:21:37'),(7,'2023-02-07',1814,1651,147,'','2023-12-20 06:21:37'),(7,'2023-03-27',2075,1523,166,'','2023-12-20 06:21:37'),(7,'2023-03-29',1712,1859,149,'excited','2023-12-20 06:21:37'),(7,'2023-04-15',1719,1997,170,'excited','2023-12-20 06:21:37'),(7,'2023-04-16',2075,1911,139,'sad','2023-12-20 06:21:37'),(7,'2023-05-22',1970,1158,181,'neutral','2023-12-20 06:21:37'),(7,'2023-07-16',1896,1003,169,'sad','2023-12-20 06:21:37'),(7,'2023-08-11',1899,1793,152,'neutral','2023-12-20 06:21:37'),(7,'2023-08-24',1980,1350,184,'','2023-12-20 06:21:37'),(7,'2023-09-13',2122,1315,145,'','2023-12-20 06:21:37'),(7,'2023-09-17',1890,1691,125,'','2023-12-20 06:21:37'),(7,'2023-10-21',2007,1035,137,'','2023-12-20 06:21:37'),(7,'2023-11-28',2026,1953,172,'','2023-12-20 06:21:37'),(8,'2023-02-10',2112,1378,151,'excited','2023-12-20 06:21:37'),(8,'2023-02-14',2205,1120,141,'','2023-12-20 06:21:37'),(8,'2023-03-01',1746,1665,164,'happy','2023-12-20 06:21:37'),(8,'2023-03-05',2039,1107,134,'','2023-12-20 06:21:37'),(8,'2023-03-09',2089,1209,181,'','2023-12-20 06:21:37'),(8,'2023-04-12',2158,1538,179,'','2023-12-20 06:21:37'),(8,'2023-05-20',1847,1963,164,'excited','2023-12-20 06:21:37'),(8,'2023-06-04',1966,1175,138,'','2023-12-20 06:21:37'),(8,'2023-06-28',1965,1458,133,'','2023-12-20 06:21:37'),(8,'2023-07-16',1967,1658,129,'','2023-12-20 06:21:37'),(8,'2023-08-01',1882,1133,148,'neutral','2023-12-20 06:21:37'),(8,'2023-09-13',2277,1254,164,'neutral','2023-12-20 06:21:37'),(8,'2023-09-18',2068,1823,135,'','2023-12-20 06:21:37'),(8,'2023-10-02',2052,1753,177,'','2023-12-20 06:21:37'),(8,'2023-10-09',1834,1680,144,'neutral','2023-12-20 06:21:37'),(8,'2023-10-13',2070,1057,134,'','2023-12-20 06:21:37'),(8,'2023-10-15',1999,1557,175,'excited','2023-12-20 06:21:37'),(8,'2023-10-18',1977,1301,143,'excited','2023-12-20 06:21:37'),(8,'2023-10-24',2270,1429,177,'happy','2023-12-20 06:21:37'),(8,'2023-12-01',1865,1734,126,'excited','2023-12-20 06:21:37'),(8,'2023-12-06',2246,1012,139,'neutral','2023-12-20 06:21:37'),(8,'2023-12-12',1906,1520,166,'','2023-12-20 06:21:37'),(8,'2023-12-18',2147,1854,125,'','2023-12-20 06:21:37'),(9,'2023-01-01',2157,1418,139,'happy','2023-12-20 06:21:37'),(9,'2023-01-05',2248,1295,152,'','2023-12-20 06:21:37'),(9,'2023-01-07',2022,1542,163,'','2023-12-20 06:21:37'),(9,'2023-01-24',1784,1810,166,'sad','2023-12-20 06:21:37'),(9,'2023-06-14',2161,1678,164,'','2023-12-20 06:21:37'),(9,'2023-06-18',1785,1493,139,'sad','2023-12-20 06:21:37'),(9,'2023-06-26',1753,1402,155,'excited','2023-12-20 06:21:37'),(9,'2023-07-05',2148,1904,184,'excited','2023-12-20 06:21:37'),(9,'2023-07-07',1872,1900,155,'excited','2023-12-20 06:21:37'),(9,'2023-07-08',2162,1062,182,'','2023-12-20 06:21:37'),(9,'2023-07-09',1964,1269,143,'neutral','2023-12-20 06:21:37'),(9,'2023-08-06',2146,1056,185,'','2023-12-20 06:21:37'),(9,'2023-08-11',2020,1940,157,'neutral','2023-12-20 06:21:37'),(9,'2023-08-16',2074,1544,130,'neutral','2023-12-20 06:21:37'),(9,'2023-10-09',1871,1660,161,'','2023-12-20 06:21:37'),(9,'2023-10-31',2019,1441,125,'excited','2023-12-20 06:21:37'),(9,'2023-11-13',1933,1971,174,'','2023-12-20 06:21:37'),(9,'2023-11-28',1794,1133,151,'','2023-12-20 06:21:37'),(9,'2023-12-14',2036,1681,155,'happy','2023-12-20 06:21:37'),(9,'2023-12-18',2117,1870,160,'','2023-12-20 06:21:37'),(10,'2022-12-26',1754,1538,149,'neutral','2023-12-20 06:21:37'),(10,'2023-01-10',2260,1516,162,'','2023-12-20 06:21:37'),(10,'2023-01-29',1941,1773,134,'','2023-12-20 06:21:37'),(10,'2023-01-30',2228,1670,175,'','2023-12-20 06:21:37'),(10,'2023-02-17',1774,1999,167,'neutral','2023-12-20 06:21:37'),(10,'2023-03-10',1849,1425,158,'','2023-12-20 06:21:37'),(10,'2023-03-20',2190,1587,175,'neutral','2023-12-20 06:21:37'),(10,'2023-03-28',1700,1354,167,'sad','2023-12-20 06:21:37'),(10,'2023-05-09',1784,1793,133,'','2023-12-20 06:21:37'),(10,'2023-08-05',1823,1165,139,'','2023-12-20 06:21:37'),(10,'2023-09-16',1727,1569,132,'sad','2023-12-20 06:21:37'),(10,'2023-10-05',1735,1169,144,'','2023-12-20 06:21:37'),(10,'2023-11-07',2290,1932,166,'','2023-12-20 06:21:37'),(10,'2023-11-11',2243,1229,144,'neutral','2023-12-20 06:21:37'),(10,'2023-11-16',1828,1603,166,'','2023-12-20 06:21:37'),(10,'2023-11-19',2145,1761,142,'','2023-12-20 06:21:37'),(11,'2022-12-27',1873,1924,176,'','2023-12-20 06:21:37'),(11,'2023-01-07',2269,1566,162,'','2023-12-20 06:21:37'),(11,'2023-01-24',2207,1841,185,'sad','2023-12-20 06:21:37'),(11,'2023-02-28',2073,1073,170,'','2023-12-20 06:21:37'),(11,'2023-03-01',1993,1346,174,'','2023-12-20 06:21:37'),(11,'2023-03-02',1906,1628,162,'excited','2023-12-20 06:21:37'),(11,'2023-03-08',1814,1540,132,'excited','2023-12-20 06:21:37'),(11,'2023-03-23',1758,1399,136,'','2023-12-20 06:21:37'),(11,'2023-04-07',1940,1738,185,'excited','2023-12-20 06:21:37'),(11,'2023-05-17',2153,1009,166,'','2023-12-20 06:21:37'),(11,'2023-06-13',1839,1271,152,'','2023-12-20 06:21:37'),(11,'2023-06-17',1906,1437,168,'excited','2023-12-20 06:21:37'),(11,'2023-08-27',1958,1447,140,'happy','2023-12-20 06:21:37'),(11,'2023-09-07',1727,1780,160,'excited','2023-12-20 06:21:37'),(11,'2023-09-12',1913,1336,141,'','2023-12-20 06:21:37'),(11,'2023-09-28',1736,1453,180,'','2023-12-20 06:21:37'),(11,'2023-10-04',2058,1441,171,'happy','2023-12-20 06:21:37'),(11,'2023-10-08',1923,1869,169,'','2023-12-20 06:21:37'),(11,'2023-10-15',1880,1815,166,'','2023-12-20 06:21:37'),(11,'2023-10-16',2056,1451,137,'','2023-12-20 06:21:37'),(11,'2023-10-23',2042,1216,129,'','2023-12-20 06:21:37'),(11,'2023-11-02',2279,1427,155,'sad','2023-12-20 06:21:37'),(11,'2023-11-18',2146,1641,155,'sad','2023-12-20 06:21:37'),(11,'2023-11-22',2260,1147,183,'','2023-12-20 06:21:37'),(11,'2023-11-28',2080,1966,185,'neutral','2023-12-20 06:21:37'),(11,'2023-12-11',2059,1415,171,'neutral','2023-12-20 06:21:37'),(11,'2023-12-13',2090,1994,157,'','2023-12-20 06:21:37'),(12,'2022-12-30',1891,1600,144,'','2023-12-20 06:21:37'),(12,'2023-01-25',1785,1269,152,'neutral','2023-12-20 06:21:37'),(12,'2023-02-07',1734,1187,171,'','2023-12-20 06:21:37'),(12,'2023-03-05',1794,1602,125,'','2023-12-20 06:21:37'),(12,'2023-04-19',2044,1531,183,'sad','2023-12-20 06:21:37'),(12,'2023-04-21',2002,1111,171,'','2023-12-20 06:21:37'),(12,'2023-05-05',1875,1342,150,'','2023-12-20 06:21:37'),(12,'2023-06-17',1970,1749,144,'','2023-12-20 06:21:37'),(12,'2023-07-06',2232,1073,152,'neutral','2023-12-20 06:21:37'),(12,'2023-07-27',2099,1745,155,'neutral','2023-12-20 06:21:37'),(12,'2023-07-28',1790,1142,137,'','2023-12-20 06:21:37'),(12,'2023-08-03',2088,1214,132,'neutral','2023-12-20 06:21:37'),(12,'2023-08-08',2066,1899,129,'sad','2023-12-20 06:21:37'),(12,'2023-08-26',1851,1154,177,'','2023-12-20 06:21:37'),(12,'2023-10-27',1976,1815,138,'','2023-12-20 06:21:37'),(12,'2023-11-21',2183,1232,173,'excited','2023-12-20 06:21:37'),(12,'2023-11-26',1980,1562,170,'','2023-12-20 06:21:37');


