INSERT INTO `Users` (`id`, `first_name`, `last_name`, `email`, `password`, `user_type`, `phone`, `last_update`) VALUES (1, 'Jeanette', 'Davis', 'bianka.block@example.com', 'dc6d094fe1cc8d884956397aa1a7aefd8f4e1cff', 'Coach', '(039)379-1605x289', '1976-11-25 20:14:36');
INSERT INTO `Users` (`id`, `first_name`, `last_name`, `email`, `password`, `user_type`, `phone`, `last_update`) VALUES (2, 'Berniece', 'Thompson', 'wkiehn@example.org', 'f9934401fcab9e42859817d05a5bf7140a1eb659', 'Client', '278.358.7992x2401', '1978-11-04 23:25:11');
INSERT INTO `Users` (`id`, `first_name`, `last_name`, `email`, `password`, `user_type`, `phone`, `last_update`) VALUES (3, 'Dan', 'Weber', 'maximilian34@example.com', '0876d4893b18469419df49ee700a87b228bc9887', 'Client', '04345852179', '2016-04-11 08:55:45');
INSERT INTO `Users` (`id`, `first_name`, `last_name`, `email`, `password`, `user_type`, `phone`, `last_update`) VALUES (4, 'Jovany', 'Baumbach', 'jeff39@example.net', 'd708ac0523dd437aa2380d7bb8aba88e4fd72279', 'Client', '+58(0)1704962341', '1981-04-17 19:25:01');
INSERT INTO `Users` (`id`, `first_name`, `last_name`, `email`, `password`, `user_type`, `phone`, `last_update`) VALUES (5, 'Jeffrey', 'Barton', 'savanna.gutkowski@example.org', 'f38753bf4eb281d6dba8215077269f9a6fb24c22', 'Coach', '+07(4)1828975294', '2009-12-14 15:49:30');
INSERT INTO `Users` (`id`, `first_name`, `last_name`, `email`, `password`, `user_type`, `phone`, `last_update`) VALUES (6, 'Lenore', 'Lemke', 'marks.keaton@example.net', 'cbae0116429f640aa1a4b8ef660f42441b022856', 'Coach', '416-816-3827x355', '1994-12-26 04:56:23');
INSERT INTO `Users` (`id`, `first_name`, `last_name`, `email`, `password`, `user_type`, `phone`, `last_update`) VALUES (7, 'Marilyne', 'Roberts', 'ymohr@example.org', '9e5b39b4b20e6a9d909697a6f2da0dc9603f16ee', 'Client', '1-098-097-4313x9083', '1985-05-30 23:48:45');
INSERT INTO `Users` (`id`, `first_name`, `last_name`, `email`, `password`, `user_type`, `phone`, `last_update`) VALUES (8, 'Tania', 'Wehner', 'djerde@example.com', '4577ffae2f6811073bd76c96557e7a509e5e5ce0', 'Coach', '489.641.3769x80278', '1971-01-10 02:04:00');
INSERT INTO `Users` (`id`, `first_name`, `last_name`, `email`, `password`, `user_type`, `phone`, `last_update`) VALUES (9, 'Anjali', 'Stamm', 'mhammes@example.net', '8f2b5e0917bf509008ea86f0e9a05233722f3b80', 'Client', '1-247-597-1748x5323', '1987-04-07 14:53:10');
INSERT INTO `Users` (`id`, `first_name`, `last_name`, `email`, `password`, `user_type`, `phone`, `last_update`) VALUES (10, 'Jorge', 'Heller', 'jamey18@example.org', 'c4747ebb4d646cb96acbe5e0ee67dd8b3ff96760', 'Client', '1-312-764-7769', '1982-06-02 18:38:56');
INSERT INTO `Users` (`id`, `first_name`, `last_name`, `email`, `password`, `user_type`, `phone`, `last_update`) VALUES (11, 'Allen', 'Turner', 'windler.sedrick@example.org', '6d0df0aec1fbec9645b40e4afda78d469db9090f', 'Client', '463-259-9414x677', '2011-12-28 06:08:36');
INSERT INTO `Users` (`id`, `first_name`, `last_name`, `email`, `password`, `user_type`, `phone`, `last_update`) VALUES (12, 'Elroy', 'Stehr', 'alena76@example.net', 'c99183f4908df348d7a3560beed9ffb41475fe0c', 'Client', '(244)919-0885', '1996-02-18 19:51:35');
INSERT INTO `Users` (`id`, `first_name`, `last_name`, `email`, `password`, `user_type`, `phone`, `last_update`) VALUES (13, 'Isabell', 'Miller', 'demard@example.com', 'b59b0a5137343a63bef2a0b13bd135df3791c3db', 'Coach', '+52(8)1950847488', '1994-09-20 08:27:17');
INSERT INTO `Users` (`id`, `first_name`, `last_name`, `email`, `password`, `user_type`, `phone`, `last_update`) VALUES (14, 'Sheldon', 'Gleichner', 'lonnie84@example.com', 'ea07cfc57f4a8366a90e0222ba4bb7d6f0b92b4a', 'Coach', '763.159.5122', '1985-05-19 14:31:19');
INSERT INTO `Users` (`id`, `first_name`, `last_name`, `email`, `password`, `user_type`, `phone`, `last_update`) VALUES (15, 'Maeve', 'Gottlieb', 'hand.lionel@example.com', 'ac948114742b4e6e0ecff0b2bb7696e54e4b4e9f', 'Coach', '1-451-768-0677x438', '2021-01-24 09:38:47');
INSERT INTO `Users` (`id`, `first_name`, `last_name`, `email`, `password`, `user_type`, `phone`, `last_update`) VALUES (16, 'Zella', 'Tillman', 'ggraham@example.com', '1f643c5fd910b7cbfcf09722da6c81829a05731a', 'Coach', '1-399-366-5058x568', '2004-02-18 06:28:15');
INSERT INTO `Users` (`id`, `first_name`, `last_name`, `email`, `password`, `user_type`, `phone`, `last_update`) VALUES (17, 'Isabel', 'Boyer', 'thackett@example.net', 'ccae029b6e3ebfb26d76f8b844218f36e51a29df', 'Client', '(004)371-6377x435', '2023-01-14 13:44:22');
INSERT INTO `Users` (`id`, `first_name`, `last_name`, `email`, `password`, `user_type`, `phone`, `last_update`) VALUES (18, 'Omari', 'Hahn', 'egaylord@example.net', 'f7907204f7ca8081e490cdfcec32531517d9a410', 'Client', '109-206-6199x5960', '1981-04-27 17:54:11');
INSERT INTO `Users` (`id`, `first_name`, `last_name`, `email`, `password`, `user_type`, `phone`, `last_update`) VALUES (19, 'Alysson', 'Adams', 'annamarie.prosacco@example.org', 'cd9d6dfa2c4556bc8808e3d8b62501175c6e15be', 'Client', '(972)342-0661x7045', '1973-06-13 21:38:32');
INSERT INTO `Users` (`id`, `first_name`, `last_name`, `email`, `password`, `user_type`, `phone`, `last_update`) VALUES (20, 'Marjolaine', 'Deckow', 'ellis.becker@example.net', 'cd808c562dc640a24c7d109303dc06add38ca109', 'Client', '1-551-339-2304x913', '2003-10-04 19:25:45');
INSERT INTO `Users` (`id`, `first_name`, `last_name`, `email`, `password`, `user_type`, `phone`, `last_update`) VALUES (21, 'Doyle', 'Williamson', 'molly89@example.net', 'fe5c7a1e58d7ac82ef8b28e38671e27df993f830', 'Client', '00479017894', '1983-06-04 04:19:01');
INSERT INTO `Users` (`id`, `first_name`, `last_name`, `email`, `password`, `user_type`, `phone`, `last_update`) VALUES (22, 'Reynold', 'Botsford', 'jerel.hodkiewicz@example.net', '1f05a21d31627513a0f0ac97375353d467a7bd59', 'Coach', '(683)034-4201', '2001-07-25 20:51:10');
INSERT INTO `Users` (`id`, `first_name`, `last_name`, `email`, `password`, `user_type`, `phone`, `last_update`) VALUES (23, 'Rylee', 'Zemlak', 'hipolito27@example.org', '755843918e3102b249c34cc48e2f013bb2c363e8', 'Client', '118.941.5699', '1997-02-13 18:56:30');
INSERT INTO `Users` (`id`, `first_name`, `last_name`, `email`, `password`, `user_type`, `phone`, `last_update`) VALUES (24, 'Kaci', 'Halvorson', 'dewitt75@example.net', '49a875e110cfc06cc91cf444cbe7bd5d55c9441e', 'Client', '09110038936', '1977-04-15 09:58:05');
INSERT INTO `Users` (`id`, `first_name`, `last_name`, `email`, `password`, `user_type`, `phone`, `last_update`) VALUES (25, 'Walker', 'Gleichner', 'norberto.lang@example.org', '1bd3b1834ed0ae723419c02e0c89e18709e2ab66', 'Coach', '349-248-2923x742', '2012-01-04 05:55:38');
INSERT INTO `Users` (`id`, `first_name`, `last_name`, `email`, `password`, `user_type`, `phone`, `last_update`) VALUES (26, 'Javon', 'Abbott', 'amarvin@example.com', 'ced7712a9a8354ebd036b1ce7564c1e8b16f9278', 'Client', '+17(4)5508335047', '1999-05-08 05:50:41');
INSERT INTO `Users` (`id`, `first_name`, `last_name`, `email`, `password`, `user_type`, `phone`, `last_update`) VALUES (27, 'Tatum', 'Christiansen', 'sammie.mcclure@example.net', '09c633459bef7c619b625e315a6dda25955bd673', 'Coach', '(337)423-2507x55182', '1999-11-01 11:57:11');
INSERT INTO `Users` (`id`, `first_name`, `last_name`, `email`, `password`, `user_type`, `phone`, `last_update`) VALUES (28, 'Cydney', 'Kessler', 'gail21@example.net', '63a53e16eb235363c79b44d73299e3109d553c9c', 'Coach', '1-405-316-4231x09061', '1989-05-26 21:52:16');
INSERT INTO `Users` (`id`, `first_name`, `last_name`, `email`, `password`, `user_type`, `phone`, `last_update`) VALUES (29, 'Ephraim', 'Goodwin', 'brakus.enos@example.org', 'd0f2a162ab03fd3207bb419202704e61fa81c817', 'Client', '+29(7)4012260413', '1979-05-08 00:49:44');
INSERT INTO `Users` (`id`, `first_name`, `last_name`, `email`, `password`, `user_type`, `phone`, `last_update`) VALUES (30, 'Melvina', 'Cruickshank', 'marina.o\'hara@example.com', 'f270c589a4cb1e6489864ea26656361f2c41b5df', 'Coach', '088-914-7602', '2011-08-09 13:28:59');
INSERT INTO `Users` (`id`, `first_name`, `last_name`, `email`, `password`, `user_type`, `phone`, `last_update`) VALUES (31, 'Marilie', 'Lubowitz', 'erna34@example.net', '4684c1df29c8f41d6f4064162d5b8e4791da88a3', 'Coach', '985.798.6912x0553', '1979-08-08 19:41:30');
INSERT INTO `Users` (`id`, `first_name`, `last_name`, `email`, `password`, `user_type`, `phone`, `last_update`) VALUES (32, 'Robert', 'McGlynn', 'idella.jast@example.net', '7d0a0418ab6688164ff2a4cca22653d58ca64ab1', 'Coach', '561-236-3012x957', '2020-03-18 01:01:56');
INSERT INTO `Users` (`id`, `first_name`, `last_name`, `email`, `password`, `user_type`, `phone`, `last_update`) VALUES (33, 'Alvis', 'Lemke', 'bruen.mya@example.net', 'fe69f1d53518e8a9502951f4f52fc01da027f246', 'Client', '(291)255-9759x0270', '1993-06-29 07:08:29');
INSERT INTO `Users` (`id`, `first_name`, `last_name`, `email`, `password`, `user_type`, `phone`, `last_update`) VALUES (34, 'Heather', 'Bogisich', 'gbradtke@example.com', '256d7b722225244c1623fe7129515808632348fd', 'Coach', '06746105906', '1973-07-21 14:26:45');
INSERT INTO `Users` (`id`, `first_name`, `last_name`, `email`, `password`, `user_type`, `phone`, `last_update`) VALUES (35, 'Westley', 'Medhurst', 'zgorczany@example.org', 'e44d298d31c947221f4392841de23a8a94dd0fb8', 'Client', '195-687-4355', '1992-01-17 23:00:24');
INSERT INTO `Users` (`id`, `first_name`, `last_name`, `email`, `password`, `user_type`, `phone`, `last_update`) VALUES (36, 'Verdie', 'Wilkinson', 'vernie80@example.com', '323df73ea23f82ebf1c317a1010cfb9f91725381', 'Coach', '690-818-1674', '1984-08-20 06:47:58');
INSERT INTO `Users` (`id`, `first_name`, `last_name`, `email`, `password`, `user_type`, `phone`, `last_update`) VALUES (37, 'Mabel', 'Ferry', 'kemmer.franz@example.org', '8af7623d782ebfef4494de904873344c41ab5b62', 'Client', '05502743521', '2013-06-29 18:38:13');
INSERT INTO `Users` (`id`, `first_name`, `last_name`, `email`, `password`, `user_type`, `phone`, `last_update`) VALUES (38, 'Gianni', 'Leffler', 'nvandervort@example.com', '9d7bb0f1af968cdd6429eb45d7909325454ce91b', 'Client', '324-189-5882x593', '1992-11-14 10:14:57');
INSERT INTO `Users` (`id`, `first_name`, `last_name`, `email`, `password`, `user_type`, `phone`, `last_update`) VALUES (39, 'Shanon', 'Prosacco', 'nhickle@example.org', 'aa785ecfc2e0e918365a217e6fe0639e79bf6b86', 'Coach', '(647)872-4673x5568', '1985-03-16 14:56:37');
INSERT INTO `Users` (`id`, `first_name`, `last_name`, `email`, `password`, `user_type`, `phone`, `last_update`) VALUES (40, 'Robert', 'Jakubowski', 'mreilly@example.org', '9d5993d7d3e44384d032ce4f159c9025bbed8b17', 'Coach', '(492)545-8628x331', '2015-01-14 10:51:07');
INSERT INTO `Users` (`id`, `first_name`, `last_name`, `email`, `password`, `user_type`, `phone`, `last_update`) VALUES (41, 'Tatyana', 'O\'Keefe', 'bosco.beverly@example.com', 'f05946518c03c322bc2b9d515706316432c18c47', 'Coach', '257-457-5580', '2020-03-24 17:52:30');
INSERT INTO `Users` (`id`, `first_name`, `last_name`, `email`, `password`, `user_type`, `phone`, `last_update`) VALUES (42, 'Spencer', 'Bernier', 'ankunding.brody@example.com', '7ad25609529f535ee3003ae1d9a9af15691ad558', 'Coach', '584.806.5588', '1972-10-20 11:38:45');
INSERT INTO `Users` (`id`, `first_name`, `last_name`, `email`, `password`, `user_type`, `phone`, `last_update`) VALUES (43, 'Samara', 'Rath', 'jameson.dicki@example.com', '89e03f47245d310bd2d70e8157dec6606dfa9680', 'Client', '+27(7)5282489351', '1975-01-12 13:48:37');
INSERT INTO `Users` (`id`, `first_name`, `last_name`, `email`, `password`, `user_type`, `phone`, `last_update`) VALUES (44, 'Maynard', 'Eichmann', 'rempel.joseph@example.com', 'a4d83a5007c2735b1a0391492f8809f33887a140', 'Coach', '868-089-2221', '1991-07-20 10:34:50');
INSERT INTO `Users` (`id`, `first_name`, `last_name`, `email`, `password`, `user_type`, `phone`, `last_update`) VALUES (45, 'Margot', 'Leannon', 'clement40@example.com', '43449100da9b3ec5e01ecd90afc6e26159abd8ac', 'Coach', '1-923-944-8207x9354', '1997-01-09 19:06:06');
INSERT INTO `Users` (`id`, `first_name`, `last_name`, `email`, `password`, `user_type`, `phone`, `last_update`) VALUES (46, 'Rogelio', 'Turner', 'nhirthe@example.net', 'b8d6dc15808e7a7b43461049bc3c464d0906862e', 'Client', '336.006.5615x00854', '2005-09-23 17:09:56');
INSERT INTO `Users` (`id`, `first_name`, `last_name`, `email`, `password`, `user_type`, `phone`, `last_update`) VALUES (47, 'Cory', 'Hirthe', 'emilia.osinski@example.org', 'f49f5aa57758d1b701a594fa2581371df38a3eca', 'Coach', '873.046.4979x342', '1986-12-16 06:29:54');
INSERT INTO `Users` (`id`, `first_name`, `last_name`, `email`, `password`, `user_type`, `phone`, `last_update`) VALUES (48, 'Emmalee', 'Feeney', 'jessika34@example.com', '758ca6a0b3ae0e5f7ae91290380684b93da0a283', 'Coach', '1-111-573-4984', '2016-03-30 00:28:59');
INSERT INTO `Users` (`id`, `first_name`, `last_name`, `email`, `password`, `user_type`, `phone`, `last_update`) VALUES (49, 'Dixie', 'Stanton', 'winfield33@example.com', '5da6051d047534778fe35a8b1072ff34df0a87ca', 'Coach', '(813)240-2648', '1995-10-09 12:56:51');
INSERT INTO `Users` (`id`, `first_name`, `last_name`, `email`, `password`, `user_type`, `phone`, `last_update`) VALUES (50, 'Isabelle', 'Swaniawski', 'llangosh@example.net', '1ab92d00b3a8338ce53ce475b4b8e36050999374', 'Client', '688-381-5790x43125', '1998-07-27 02:46:25');
INSERT INTO `Users` (`id`, `first_name`, `last_name`, `email`, `password`, `user_type`, `phone`, `last_update`) VALUES (51, 'Vilma', 'Gerhold', 'ngreenfelder@example.com', '6bcd9b658b35da30bf25a6de33fca7621d6f0a51', 'Client', '(564)127-3555', '1982-04-08 14:19:54');
INSERT INTO `Users` (`id`, `first_name`, `last_name`, `email`, `password`, `user_type`, `phone`, `last_update`) VALUES (52, 'Steve', 'Simonis', 'wernser@example.net', 'b351d3fab58366b50c6f9577ee678ac2af9ffd82', 'Coach', '1-236-337-5949x8527', '2014-10-10 15:42:09');
INSERT INTO `Users` (`id`, `first_name`, `last_name`, `email`, `password`, `user_type`, `phone`, `last_update`) VALUES (53, 'Laurine', 'Larson', 'mhane@example.com', '4e9a9e68d6de9385b2122aa841a094819a69927f', 'Coach', '062-746-2229', '2021-11-09 18:59:08');
INSERT INTO `Users` (`id`, `first_name`, `last_name`, `email`, `password`, `user_type`, `phone`, `last_update`) VALUES (54, 'Guadalupe', 'Heidenreich', 'daren19@example.com', '359745415bc76190882538ffab1e4d9e34d9c5c2', 'Coach', '(361)966-2664x05625', '1991-09-11 11:41:42');
INSERT INTO `Users` (`id`, `first_name`, `last_name`, `email`, `password`, `user_type`, `phone`, `last_update`) VALUES (55, 'Zachariah', 'Ward', 'yoshiko.barrows@example.com', '63c1078396cff7f7db4ccb71b009faa53127289d', 'Client', '362.606.3360x0527', '1974-06-28 16:39:45');
INSERT INTO `Users` (`id`, `first_name`, `last_name`, `email`, `password`, `user_type`, `phone`, `last_update`) VALUES (56, 'Gerry', 'Bogisich', 'mtromp@example.org', '5a490e087ccf22f93094a9759fffc1669ec0a3c0', 'Coach', '379-677-9458x7192', '2020-01-19 18:30:42');
INSERT INTO `Users` (`id`, `first_name`, `last_name`, `email`, `password`, `user_type`, `phone`, `last_update`) VALUES (57, 'Nels', 'Jacobson', 'nelle75@example.com', '9b686a32495d89d81454d9fac1f3b505ca2af385', 'Coach', '425.315.9868', '1994-07-17 14:16:54');
INSERT INTO `Users` (`id`, `first_name`, `last_name`, `email`, `password`, `user_type`, `phone`, `last_update`) VALUES (58, 'Estelle', 'McCullough', 'lbarton@example.com', '3362670f5b136faaa5b0b6ea1fdedfd2b6b03141', 'Coach', '1-042-264-5832', '1990-12-06 02:28:41');
INSERT INTO `Users` (`id`, `first_name`, `last_name`, `email`, `password`, `user_type`, `phone`, `last_update`) VALUES (59, 'Kyleigh', 'Welch', 'sunny22@example.com', '5cef7e4235a02b0ba7cd2b6e347ff88833f70881', 'Client', '705.107.7539', '2008-10-02 15:05:12');
INSERT INTO `Users` (`id`, `first_name`, `last_name`, `email`, `password`, `user_type`, `phone`, `last_update`) VALUES (60, 'Leopoldo', 'Fritsch', 'ublick@example.net', 'b5d26d7c79e41dff5d75280723082eb73bc51913', 'Coach', '1-475-640-1166x581', '2019-02-23 00:35:09');
INSERT INTO `Users` (`id`, `first_name`, `last_name`, `email`, `password`, `user_type`, `phone`, `last_update`) VALUES (61, 'Theron', 'Prosacco', 'laron.o\'reilly@example.com', '7d9304a1efd79b3aa211ea45c39ca289c77984ea', 'Coach', '+53(7)3576289156', '2021-09-03 18:13:47');
INSERT INTO `Users` (`id`, `first_name`, `last_name`, `email`, `password`, `user_type`, `phone`, `last_update`) VALUES (62, 'Destini', 'Bahringer', 'conroy.michaela@example.net', '2d7bcbf2262112a4fcfefd792e43f45a4dd1a0ab', 'Client', '954.465.1061', '1973-04-05 05:07:12');
INSERT INTO `Users` (`id`, `first_name`, `last_name`, `email`, `password`, `user_type`, `phone`, `last_update`) VALUES (63, 'Leon', 'Daugherty', 'nienow.gavin@example.net', '16ee73ac6a1a289311386a58abbc3b02f04981d3', 'Client', '934-657-8454x968', '1989-10-10 09:07:55');
INSERT INTO `Users` (`id`, `first_name`, `last_name`, `email`, `password`, `user_type`, `phone`, `last_update`) VALUES (64, 'Billy', 'Brakus', 'shaun.bernhard@example.net', '7b71539ca0a3e67eb8a81d0bbe19a655891944e4', 'Coach', '1-879-220-3569x44119', '2007-07-02 13:11:40');
INSERT INTO `Users` (`id`, `first_name`, `last_name`, `email`, `password`, `user_type`, `phone`, `last_update`) VALUES (65, 'Shea', 'Gutmann', 'cruickshank.charity@example.org', 'c9f340c91e62d4ff2210498cc1b81c9d49891621', 'Client', '07213184098', '2011-07-21 08:39:06');
INSERT INTO `Users` (`id`, `first_name`, `last_name`, `email`, `password`, `user_type`, `phone`, `last_update`) VALUES (66, 'Juanita', 'Yundt', 'linnie.schuppe@example.net', 'ef36814f2f40dbb061b1908cadce73aaf8e2c3f8', 'Client', '1-294-820-9767x85910', '1996-09-28 22:39:01');
INSERT INTO `Users` (`id`, `first_name`, `last_name`, `email`, `password`, `user_type`, `phone`, `last_update`) VALUES (67, 'Mabel', 'Labadie', 'maegan.hand@example.org', 'd54b98feda75041f25f9eb9c9241de40f2d124af', 'Coach', '514.955.0044', '2012-11-10 13:15:07');
INSERT INTO `Users` (`id`, `first_name`, `last_name`, `email`, `password`, `user_type`, `phone`, `last_update`) VALUES (68, 'Nicola', 'Wiegand', 'kamille.schowalter@example.net', 'b5b7e5d4006887d5065d2166e486d38b8eb997a1', 'Coach', '751.283.3799x214', '1972-05-15 06:12:09');
INSERT INTO `Users` (`id`, `first_name`, `last_name`, `email`, `password`, `user_type`, `phone`, `last_update`) VALUES (69, 'Esmeralda', 'Hermann', 'princess97@example.org', 'ff2704149804a0cd500ec9fae697c10950765c8f', 'Client', '687.434.7128', '1972-09-08 02:17:18');
INSERT INTO `Users` (`id`, `first_name`, `last_name`, `email`, `password`, `user_type`, `phone`, `last_update`) VALUES (70, 'Mona', 'Olson', 'xkutch@example.org', '74bcd29e23419b0fb0b5e2dc95dd5b1bea28aafb', 'Client', '584.845.7091x115', '1999-12-08 21:15:49');
INSERT INTO `Users` (`id`, `first_name`, `last_name`, `email`, `password`, `user_type`, `phone`, `last_update`) VALUES (71, 'Estelle', 'Johns', 'pschmitt@example.com', 'f4ce3a3f378b90a72562d4d2c1672bd1284e1c85', 'Client', '(255)378-5233x47902', '1975-09-28 08:03:24');
INSERT INTO `Users` (`id`, `first_name`, `last_name`, `email`, `password`, `user_type`, `phone`, `last_update`) VALUES (72, 'Whitney', 'Ruecker', 'amira.hamill@example.net', '946006f8f6b7a94a3613aa898efde1eb68b0fd37', 'Coach', '05783409363', '2014-06-24 19:02:29');
INSERT INTO `Users` (`id`, `first_name`, `last_name`, `email`, `password`, `user_type`, `phone`, `last_update`) VALUES (73, 'Orland', 'Collier', 'heidenreich.astrid@example.net', 'ad0d03efc7939854f901b8317856bee98d19c6b4', 'Client', '1-077-279-4264x402', '1970-02-15 10:37:24');
INSERT INTO `Users` (`id`, `first_name`, `last_name`, `email`, `password`, `user_type`, `phone`, `last_update`) VALUES (74, 'Justina', 'Zieme', 'luettgen.julius@example.com', '7df9f1a1acd153a8cb412e603c591b23d3acfaeb', 'Client', '654.459.1769x14797', '1977-06-04 09:10:06');
INSERT INTO `Users` (`id`, `first_name`, `last_name`, `email`, `password`, `user_type`, `phone`, `last_update`) VALUES (75, 'Tyree', 'Skiles', 'ugraham@example.org', '1353efdf9e7dea054b75bcc6f641976956ae138a', 'Coach', '406.155.1637x298', '1993-07-14 17:44:27');
INSERT INTO `Users` (`id`, `first_name`, `last_name`, `email`, `password`, `user_type`, `phone`, `last_update`) VALUES (76, 'Vito', 'Schinner', 'karli83@example.net', '103a86eccc40b70437f86a367d26ea594030ef39', 'Coach', '(195)054-1961x3357', '2015-07-05 11:27:24');
INSERT INTO `Users` (`id`, `first_name`, `last_name`, `email`, `password`, `user_type`, `phone`, `last_update`) VALUES (77, 'Aric', 'Kuphal', 'berge.miguel@example.org', 'a6b408ba359a5b9ceaa38e3f0dfbc0e8e5b22a99', 'Client', '1-084-475-0993x41870', '1972-05-27 12:45:15');
INSERT INTO `Users` (`id`, `first_name`, `last_name`, `email`, `password`, `user_type`, `phone`, `last_update`) VALUES (78, 'Donnell', 'Stracke', 'madeline.cartwright@example.net', 'cfabcfb4a02a16a06fb4db698b170fa25597d669', 'Client', '1-066-729-7968', '1971-03-23 21:21:56');
INSERT INTO `Users` (`id`, `first_name`, `last_name`, `email`, `password`, `user_type`, `phone`, `last_update`) VALUES (79, 'Claude', 'Bradtke', 'acartwright@example.com', 'd350c415cd457b05fb89efb17a8138ba09aa639b', 'Client', '098.324.5180x803', '2015-04-30 09:16:18');
INSERT INTO `Users` (`id`, `first_name`, `last_name`, `email`, `password`, `user_type`, `phone`, `last_update`) VALUES (80, 'Elody', 'Feil', 'lillian24@example.com', 'cd115fcc07b127ee69893310dfbf3fc9e4d270d8', 'Coach', '692-020-4052', '2023-03-01 02:05:54');
INSERT INTO `Users` (`id`, `first_name`, `last_name`, `email`, `password`, `user_type`, `phone`, `last_update`) VALUES (81, 'Dedric', 'Gaylord', 'istehr@example.com', '29ac1b452b764b4cd0e22bb1eae4837b556ab116', 'Coach', '694.328.2733x82139', '1980-02-21 04:19:07');
INSERT INTO `Users` (`id`, `first_name`, `last_name`, `email`, `password`, `user_type`, `phone`, `last_update`) VALUES (82, 'Alia', 'Fadel', 'modesto19@example.com', '5e76c4ed15f9eb301415c75dfbf470f8a4ce66c0', 'Coach', '(191)204-5424', '2003-10-01 19:14:50');
INSERT INTO `Users` (`id`, `first_name`, `last_name`, `email`, `password`, `user_type`, `phone`, `last_update`) VALUES (83, 'Barton', 'Abbott', 'eklocko@example.com', '213b31ac9e9159678fcdba9229e94d37331e4712', 'Client', '(912)614-4178x91103', '2020-12-05 23:21:18');
INSERT INTO `Users` (`id`, `first_name`, `last_name`, `email`, `password`, `user_type`, `phone`, `last_update`) VALUES (84, 'Arden', 'Littel', 'hilll.westley@example.com', 'ea1f757d49636291219bc3c74cb0b0a843b918ae', 'Client', '460.853.3010x9008', '1983-05-10 22:21:06');
INSERT INTO `Users` (`id`, `first_name`, `last_name`, `email`, `password`, `user_type`, `phone`, `last_update`) VALUES (85, 'Jermey', 'Corwin', 'alexander24@example.com', '07dc284cb0478f0a70e66701308921d1efa76e13', 'Coach', '1-504-846-7410x25379', '2003-11-22 19:38:54');
INSERT INTO `Users` (`id`, `first_name`, `last_name`, `email`, `password`, `user_type`, `phone`, `last_update`) VALUES (86, 'Vida', 'Senger', 'korn@example.com', '2f83e9715fc9c7e4127f0956b1e56d60e96cc60a', 'Client', '02691939700', '1984-09-19 01:23:09');
INSERT INTO `Users` (`id`, `first_name`, `last_name`, `email`, `password`, `user_type`, `phone`, `last_update`) VALUES (87, 'Samantha', 'Bradtke', 'mann.georgianna@example.com', 'afd0c25f6fec57748241afcc5fad76182e82682f', 'Client', '1-085-655-4419x18242', '1990-08-18 07:07:45');
INSERT INTO `Users` (`id`, `first_name`, `last_name`, `email`, `password`, `user_type`, `phone`, `last_update`) VALUES (88, 'Nadia', 'Christiansen', 'nhermiston@example.com', 'a17ad90e615be815f70a05ba5f42645ee76eb318', 'Client', '252.016.6097x17331', '1979-04-29 22:01:20');
INSERT INTO `Users` (`id`, `first_name`, `last_name`, `email`, `password`, `user_type`, `phone`, `last_update`) VALUES (89, 'Jensen', 'Schaden', 'volkman.mitchel@example.com', 'e2d2c1fd0f23f3ea425380c1a6cdb9d24ae23b94', 'Coach', '356.246.4203x192', '2019-09-22 09:28:18');
INSERT INTO `Users` (`id`, `first_name`, `last_name`, `email`, `password`, `user_type`, `phone`, `last_update`) VALUES (90, 'Kirk', 'Rogahn', 'mathilde55@example.net', '303644eb5c3754c833b8246b9d5e3a46fe622bd8', 'Client', '420-559-7941x4802', '2001-11-29 10:59:35');
INSERT INTO `Users` (`id`, `first_name`, `last_name`, `email`, `password`, `user_type`, `phone`, `last_update`) VALUES (91, 'Armand', 'Spencer', 'igoodwin@example.com', '3308ca2b1a0edfe4813d6755c55660f013c80fcc', 'Coach', '1-962-878-6279x21873', '1996-09-03 01:04:14');
INSERT INTO `Users` (`id`, `first_name`, `last_name`, `email`, `password`, `user_type`, `phone`, `last_update`) VALUES (92, 'Nasir', 'Glover', 'demetris.wilkinson@example.org', 'a6f59e93bef4cde176cb397f05188aef21bdbf4c', 'Client', '032.654.6293', '1997-05-31 20:47:15');
INSERT INTO `Users` (`id`, `first_name`, `last_name`, `email`, `password`, `user_type`, `phone`, `last_update`) VALUES (93, 'Paolo', 'Ruecker', 'feeney.cesar@example.com', '9a8979e74145f4cec18cb9b57765be180a7e4f4d', 'Client', '610.471.0062x43190', '1985-12-15 02:01:55');
INSERT INTO `Users` (`id`, `first_name`, `last_name`, `email`, `password`, `user_type`, `phone`, `last_update`) VALUES (94, 'Carolina', 'Schumm', 'langworth.alisa@example.net', '978a92ac3f0006345abb31fcf4649ccb954f6b5a', 'Client', '462.543.2535x35914', '2014-04-29 00:04:46');
INSERT INTO `Users` (`id`, `first_name`, `last_name`, `email`, `password`, `user_type`, `phone`, `last_update`) VALUES (95, 'Ally', 'McClure', 'lebsack.ignatius@example.org', '3a477071235ed3d1efec964e8a4e55852137e3fa', 'Coach', '482.429.1898x3845', '1996-04-09 02:50:05');
INSERT INTO `Users` (`id`, `first_name`, `last_name`, `email`, `password`, `user_type`, `phone`, `last_update`) VALUES (96, 'Valentine', 'Stracke', 'hollis.mosciski@example.com', 'ffdfc2bd09462e3a5eec596c2d742e323253b252', 'Coach', '(340)781-3615x962', '2023-04-07 13:03:33');
INSERT INTO `Users` (`id`, `first_name`, `last_name`, `email`, `password`, `user_type`, `phone`, `last_update`) VALUES (97, 'Ethel', 'Buckridge', 'ova.bednar@example.org', 'a4fe2833d41cee13870b604ea6e53a9155f48430', 'Coach', '852-432-1704x8389', '1984-06-23 22:12:01');
INSERT INTO `Users` (`id`, `first_name`, `last_name`, `email`, `password`, `user_type`, `phone`, `last_update`) VALUES (98, 'Nathen', 'Dicki', 'hhoppe@example.com', '0cc01bafec6ef511ccf6d93ffd74b398dffc7757', 'Client', '(719)533-8063', '2013-07-30 19:59:13');
INSERT INTO `Users` (`id`, `first_name`, `last_name`, `email`, `password`, `user_type`, `phone`, `last_update`) VALUES (99, 'Brandon', 'Doyle', 'kianna.rogahn@example.com', 'cb08955151fa02be68dc65bd4a8e6997ecf809e8', 'Client', '875.585.4876x121', '2004-02-27 00:05:23');
INSERT INTO `Users` (`id`, `first_name`, `last_name`, `email`, `password`, `user_type`, `phone`, `last_update`) VALUES (100, 'Alverta', 'Rodriguez', 'annabelle03@example.com', 'f739b4945a30011973cafcfa546ececd437964d5', 'Coach', '1-591-405-5032', '1981-05-16 12:10:53');

INSERT INTO `ClientInitialSurvey` (`survey_id`, `user_id`, `date_of_birth`, `gender`, `height`, `weight`, `fitness_goal`, `last_update`) VALUES (1, 1, '2009-11-27', 'Female', '6.32', '201.00', 'Natus optio sit excepturi exercitationem.', '2007-06-25 10:08:16');
INSERT INTO `ClientInitialSurvey` (`survey_id`, `user_id`, `date_of_birth`, `gender`, `height`, `weight`, `fitness_goal`, `last_update`) VALUES (2, 2, '1971-01-16', 'Other', '5.05', '152.00', 'Sunt commodi et nemo pariatur nemo sequi qui.', '1972-02-12 05:15:54');
INSERT INTO `ClientInitialSurvey` (`survey_id`, `user_id`, `date_of_birth`, `gender`, `height`, `weight`, `fitness_goal`, `last_update`) VALUES (3, 3, '1990-10-27', 'Female', '6.66', '181.00', 'Est non maiores illo expedita quaerat consectetur.', '1974-06-19 08:00:52');
INSERT INTO `ClientInitialSurvey` (`survey_id`, `user_id`, `date_of_birth`, `gender`, `height`, `weight`, `fitness_goal`, `last_update`) VALUES (4, 4, '1981-05-08', 'Female', '6.48', '203.00', 'Quos minus maiores sit voluptatem a aut dicta occaecati.', '2000-12-27 21:17:42');
INSERT INTO `ClientInitialSurvey` (`survey_id`, `user_id`, `date_of_birth`, `gender`, `height`, `weight`, `fitness_goal`, `last_update`) VALUES (5, 5, '1980-01-21', 'Male', '5.86', '120.00', 'Maxime voluptatem odit labore rerum beatae non.', '2007-12-23 03:27:03');
INSERT INTO `ClientInitialSurvey` (`survey_id`, `user_id`, `date_of_birth`, `gender`, `height`, `weight`, `fitness_goal`, `last_update`) VALUES (6, 6, '1989-03-25', 'Female', '6.91', '146.00', 'Cupiditate corrupti dolores repudiandae dolores quia modi eos quia.', '1984-12-04 08:19:29');
INSERT INTO `ClientInitialSurvey` (`survey_id`, `user_id`, `date_of_birth`, `gender`, `height`, `weight`, `fitness_goal`, `last_update`) VALUES (7, 7, '1994-07-27', 'Male', '5.17', '238.00', 'Numquam sit dolorem esse culpa et saepe facere.', '2021-08-08 05:51:12');
INSERT INTO `ClientInitialSurvey` (`survey_id`, `user_id`, `date_of_birth`, `gender`, `height`, `weight`, `fitness_goal`, `last_update`) VALUES (8, 8, '1981-01-30', 'Other', '6.61', '144.00', 'Quam debitis maiores debitis sed et quisquam qui ut.', '2023-11-13 06:47:24');
INSERT INTO `ClientInitialSurvey` (`survey_id`, `user_id`, `date_of_birth`, `gender`, `height`, `weight`, `fitness_goal`, `last_update`) VALUES (9, 9, '1995-10-22', 'Other', '6.92', '179.00', 'Laboriosam dolorem provident voluptatibus reprehenderit et.', '2003-07-04 04:01:09');
INSERT INTO `ClientInitialSurvey` (`survey_id`, `user_id`, `date_of_birth`, `gender`, `height`, `weight`, `fitness_goal`, `last_update`) VALUES (10, 10, '1995-10-01', 'Male', '5.05', '113.00', 'Similique magnam blanditiis assumenda vel ex enim ea.', '2008-07-04 20:34:03');
INSERT INTO `ClientInitialSurvey` (`survey_id`, `user_id`, `date_of_birth`, `gender`, `height`, `weight`, `fitness_goal`, `last_update`) VALUES (11, 11, '1984-01-20', 'Female', '5.38', '169.00', 'Vel est quo voluptatum ut.', '1990-03-20 05:17:19');
INSERT INTO `ClientInitialSurvey` (`survey_id`, `user_id`, `date_of_birth`, `gender`, `height`, `weight`, `fitness_goal`, `last_update`) VALUES (12, 12, '2017-12-21', 'Male', '5.91', '208.00', 'Soluta esse velit voluptatibus unde.', '1973-03-29 10:11:53');
INSERT INTO `ClientInitialSurvey` (`survey_id`, `user_id`, `date_of_birth`, `gender`, `height`, `weight`, `fitness_goal`, `last_update`) VALUES (13, 13, '2018-12-19', 'Other', '5.1', '238.00', 'Facilis nesciunt vel id minima voluptatem consequatur quia.', '2009-01-23 21:02:52');
INSERT INTO `ClientInitialSurvey` (`survey_id`, `user_id`, `date_of_birth`, `gender`, `height`, `weight`, `fitness_goal`, `last_update`) VALUES (14, 14, '1974-10-06', 'Other', '5.54', '212.00', 'Fugiat eaque autem nihil.', '2005-02-10 22:22:48');
INSERT INTO `ClientInitialSurvey` (`survey_id`, `user_id`, `date_of_birth`, `gender`, `height`, `weight`, `fitness_goal`, `last_update`) VALUES (15, 15, '1983-10-05', 'Male', '5.16', '189.00', 'Ut mollitia dicta quisquam corrupti.', '2000-12-03 15:54:41');
INSERT INTO `ClientInitialSurvey` (`survey_id`, `user_id`, `date_of_birth`, `gender`, `height`, `weight`, `fitness_goal`, `last_update`) VALUES (16, 16, '1987-10-31', 'Male', '6.78', '110.00', 'Iure aspernatur perferendis at non non culpa.', '2000-04-29 11:20:46');
INSERT INTO `ClientInitialSurvey` (`survey_id`, `user_id`, `date_of_birth`, `gender`, `height`, `weight`, `fitness_goal`, `last_update`) VALUES (17, 17, '1994-03-01', 'Male', '5.11', '229.00', 'Odit exercitationem dicta et.', '1975-05-28 00:28:44');
INSERT INTO `ClientInitialSurvey` (`survey_id`, `user_id`, `date_of_birth`, `gender`, `height`, `weight`, `fitness_goal`, `last_update`) VALUES (18, 18, '1994-03-03', 'Other', '5.94', '147.00', 'Sunt officiis dolorum possimus aut voluptatibus.', '1979-05-13 13:17:37');
INSERT INTO `ClientInitialSurvey` (`survey_id`, `user_id`, `date_of_birth`, `gender`, `height`, `weight`, `fitness_goal`, `last_update`) VALUES (19, 19, '1979-06-28', 'Female', '6.98', '118.00', 'Magni earum excepturi in laborum quibusdam numquam.', '2016-02-13 13:54:02');
INSERT INTO `ClientInitialSurvey` (`survey_id`, `user_id`, `date_of_birth`, `gender`, `height`, `weight`, `fitness_goal`, `last_update`) VALUES (20, 20, '1971-01-20', 'Other', '5.94', '207.00', 'Incidunt est est officia.', '2011-09-10 18:27:48');
INSERT INTO `ClientInitialSurvey` (`survey_id`, `user_id`, `date_of_birth`, `gender`, `height`, `weight`, `fitness_goal`, `last_update`) VALUES (21, 21, '1980-07-27', 'Male', '5.23', '136.00', 'Eveniet quibusdam veritatis aut delectus doloribus molestiae.', '1991-02-17 06:57:45');
INSERT INTO `ClientInitialSurvey` (`survey_id`, `user_id`, `date_of_birth`, `gender`, `height`, `weight`, `fitness_goal`, `last_update`) VALUES (22, 22, '1979-04-27', 'Other', '6.15', '176.00', 'Rerum tempora sed maxime et.', '1994-03-06 08:06:18');
INSERT INTO `ClientInitialSurvey` (`survey_id`, `user_id`, `date_of_birth`, `gender`, `height`, `weight`, `fitness_goal`, `last_update`) VALUES (23, 23, '2013-10-03', 'Male', '5.49', '151.00', 'Corrupti quis nihil id beatae.', '2005-01-12 19:46:44');
INSERT INTO `ClientInitialSurvey` (`survey_id`, `user_id`, `date_of_birth`, `gender`, `height`, `weight`, `fitness_goal`, `last_update`) VALUES (24, 24, '1993-05-12', 'Other', '5.88', '128.00', 'Consequuntur possimus dolor corporis suscipit est.', '1986-01-30 15:43:49');
INSERT INTO `ClientInitialSurvey` (`survey_id`, `user_id`, `date_of_birth`, `gender`, `height`, `weight`, `fitness_goal`, `last_update`) VALUES (25, 25, '1970-03-07', 'Male', '5.13', '169.00', 'Pariatur praesentium minima consectetur.', '2005-06-08 15:26:01');
INSERT INTO `ClientInitialSurvey` (`survey_id`, `user_id`, `date_of_birth`, `gender`, `height`, `weight`, `fitness_goal`, `last_update`) VALUES (26, 26, '2018-12-29', 'Male', '6.88', '194.00', 'Doloribus qui voluptas et nisi consequatur velit.', '1980-12-04 19:41:58');
INSERT INTO `ClientInitialSurvey` (`survey_id`, `user_id`, `date_of_birth`, `gender`, `height`, `weight`, `fitness_goal`, `last_update`) VALUES (27, 27, '1996-11-22', 'Female', '5.92', '208.00', 'Ut autem facere ut et omnis.', '1984-04-13 11:42:16');
INSERT INTO `ClientInitialSurvey` (`survey_id`, `user_id`, `date_of_birth`, `gender`, `height`, `weight`, `fitness_goal`, `last_update`) VALUES (28, 28, '2021-07-17', 'Female', '6.17', '102.00', 'Eveniet quaerat aliquid modi id non sint voluptas.', '1983-04-17 16:24:52');
INSERT INTO `ClientInitialSurvey` (`survey_id`, `user_id`, `date_of_birth`, `gender`, `height`, `weight`, `fitness_goal`, `last_update`) VALUES (29, 29, '1985-12-30', 'Other', '6.79', '126.00', 'Minima qui quidem autem ex.', '2014-12-27 08:36:03');
INSERT INTO `ClientInitialSurvey` (`survey_id`, `user_id`, `date_of_birth`, `gender`, `height`, `weight`, `fitness_goal`, `last_update`) VALUES (30, 30, '1997-01-14', 'Other', '5.98', '194.00', 'Repellat omnis quia corrupti et.', '1998-07-18 12:53:13');
INSERT INTO `ClientInitialSurvey` (`survey_id`, `user_id`, `date_of_birth`, `gender`, `height`, `weight`, `fitness_goal`, `last_update`) VALUES (31, 31, '2010-03-28', 'Female', '6.02', '152.00', 'Ipsum iste ad corrupti neque cumque sed.', '1997-10-31 06:52:40');
INSERT INTO `ClientInitialSurvey` (`survey_id`, `user_id`, `date_of_birth`, `gender`, `height`, `weight`, `fitness_goal`, `last_update`) VALUES (32, 32, '1981-04-20', 'Other', '5.82', '184.00', 'Ut qui doloremque itaque explicabo labore officiis quaerat.', '2010-11-16 13:16:15');
INSERT INTO `ClientInitialSurvey` (`survey_id`, `user_id`, `date_of_birth`, `gender`, `height`, `weight`, `fitness_goal`, `last_update`) VALUES (33, 33, '1986-06-09', 'Male', '7', '232.00', 'Optio vel quia optio molestiae aut.', '1997-02-11 16:44:47');
INSERT INTO `ClientInitialSurvey` (`survey_id`, `user_id`, `date_of_birth`, `gender`, `height`, `weight`, `fitness_goal`, `last_update`) VALUES (34, 34, '1979-10-19', 'Other', '6.83', '175.00', 'Corrupti id dolorem aut minima possimus fuga et.', '1981-09-26 16:53:24');
INSERT INTO `ClientInitialSurvey` (`survey_id`, `user_id`, `date_of_birth`, `gender`, `height`, `weight`, `fitness_goal`, `last_update`) VALUES (35, 35, '1975-05-02', 'Female', '5.23', '188.00', 'Nihil quia dolorem nisi numquam mollitia.', '1971-09-07 07:30:20');
INSERT INTO `ClientInitialSurvey` (`survey_id`, `user_id`, `date_of_birth`, `gender`, `height`, `weight`, `fitness_goal`, `last_update`) VALUES (36, 36, '2022-06-24', 'Other', '6.98', '110.00', 'Quas quibusdam sint in optio ut.', '1973-01-13 20:02:21');
INSERT INTO `ClientInitialSurvey` (`survey_id`, `user_id`, `date_of_birth`, `gender`, `height`, `weight`, `fitness_goal`, `last_update`) VALUES (37, 37, '2009-09-12', 'Female', '5.36', '206.00', 'Reiciendis eum recusandae eligendi molestiae voluptas assumenda et ab.', '2014-03-13 20:30:14');
INSERT INTO `ClientInitialSurvey` (`survey_id`, `user_id`, `date_of_birth`, `gender`, `height`, `weight`, `fitness_goal`, `last_update`) VALUES (38, 38, '1992-07-03', 'Other', '6.75', '116.00', 'Autem omnis voluptatibus aut in nostrum.', '1999-07-07 13:57:18');
INSERT INTO `ClientInitialSurvey` (`survey_id`, `user_id`, `date_of_birth`, `gender`, `height`, `weight`, `fitness_goal`, `last_update`) VALUES (39, 39, '1984-09-13', 'Other', '6.67', '201.00', 'Velit nobis ratione ullam nisi.', '1987-09-09 20:30:27');
INSERT INTO `ClientInitialSurvey` (`survey_id`, `user_id`, `date_of_birth`, `gender`, `height`, `weight`, `fitness_goal`, `last_update`) VALUES (40, 40, '1983-09-12', 'Male', '6.45', '170.00', 'Aut unde saepe nulla porro quasi.', '1993-06-01 00:20:40');
INSERT INTO `ClientInitialSurvey` (`survey_id`, `user_id`, `date_of_birth`, `gender`, `height`, `weight`, `fitness_goal`, `last_update`) VALUES (41, 41, '2018-04-18', 'Other', '5.24', '131.00', 'Rerum ullam temporibus consequuntur omnis.', '1994-01-22 22:43:09');
INSERT INTO `ClientInitialSurvey` (`survey_id`, `user_id`, `date_of_birth`, `gender`, `height`, `weight`, `fitness_goal`, `last_update`) VALUES (42, 42, '2011-12-16', 'Male', '6.37', '109.00', 'Non optio tempora repellendus inventore aut culpa.', '1995-02-21 05:08:37');
INSERT INTO `ClientInitialSurvey` (`survey_id`, `user_id`, `date_of_birth`, `gender`, `height`, `weight`, `fitness_goal`, `last_update`) VALUES (43, 43, '1971-08-14', 'Other', '5.78', '200.00', 'Sunt expedita sed adipisci sunt.', '1978-01-01 10:42:48');
INSERT INTO `ClientInitialSurvey` (`survey_id`, `user_id`, `date_of_birth`, `gender`, `height`, `weight`, `fitness_goal`, `last_update`) VALUES (44, 44, '2003-05-17', 'Male', '6.86', '208.00', 'Est error unde nobis quisquam iste cupiditate est.', '1974-10-24 09:04:23');
INSERT INTO `ClientInitialSurvey` (`survey_id`, `user_id`, `date_of_birth`, `gender`, `height`, `weight`, `fitness_goal`, `last_update`) VALUES (45, 45, '1991-04-24', 'Other', '6.56', '177.00', 'Blanditiis eos odio eaque laudantium reiciendis consequuntur laborum.', '1997-04-07 19:39:39');
INSERT INTO `ClientInitialSurvey` (`survey_id`, `user_id`, `date_of_birth`, `gender`, `height`, `weight`, `fitness_goal`, `last_update`) VALUES (46, 46, '2001-12-05', 'Female', '5.37', '210.00', 'Est beatae iusto molestiae nobis ea mollitia unde.', '1995-04-03 22:42:06');
INSERT INTO `ClientInitialSurvey` (`survey_id`, `user_id`, `date_of_birth`, `gender`, `height`, `weight`, `fitness_goal`, `last_update`) VALUES (47, 47, '2016-07-29', 'Other', '5.45', '108.00', 'Maiores ut odit enim deserunt autem blanditiis minus.', '1976-05-24 18:50:27');
INSERT INTO `ClientInitialSurvey` (`survey_id`, `user_id`, `date_of_birth`, `gender`, `height`, `weight`, `fitness_goal`, `last_update`) VALUES (48, 48, '1994-12-18', 'Male', '6.04', '249.00', 'Magni aspernatur et sunt sit.', '2009-11-11 18:46:29');
INSERT INTO `ClientInitialSurvey` (`survey_id`, `user_id`, `date_of_birth`, `gender`, `height`, `weight`, `fitness_goal`, `last_update`) VALUES (49, 49, '1976-04-18', 'Male', '5.69', '249.00', 'Velit sed sit dolorem non.', '2014-12-10 04:04:57');
INSERT INTO `ClientInitialSurvey` (`survey_id`, `user_id`, `date_of_birth`, `gender`, `height`, `weight`, `fitness_goal`, `last_update`) VALUES (50, 50, '2020-10-17', 'Male', '6.08', '136.00', 'Autem mollitia et rerum aut.', '1987-11-03 16:34:22');
INSERT INTO `ClientInitialSurvey` (`survey_id`, `user_id`, `date_of_birth`, `gender`, `height`, `weight`, `fitness_goal`, `last_update`) VALUES (51, 51, '1976-01-04', 'Female', '5', '105.00', 'Ut qui quam distinctio est voluptas repellat nihil.', '2002-01-23 05:24:58');
INSERT INTO `ClientInitialSurvey` (`survey_id`, `user_id`, `date_of_birth`, `gender`, `height`, `weight`, `fitness_goal`, `last_update`) VALUES (52, 52, '2023-03-11', 'Other', '6.36', '248.00', 'Accusantium qui expedita voluptatum pariatur sunt non.', '2016-04-30 10:40:11');
INSERT INTO `ClientInitialSurvey` (`survey_id`, `user_id`, `date_of_birth`, `gender`, `height`, `weight`, `fitness_goal`, `last_update`) VALUES (53, 53, '2019-07-22', 'Other', '6.25', '214.00', 'Ut sint sequi minus omnis ut voluptatem ut esse.', '1998-07-07 08:10:56');
INSERT INTO `ClientInitialSurvey` (`survey_id`, `user_id`, `date_of_birth`, `gender`, `height`, `weight`, `fitness_goal`, `last_update`) VALUES (54, 54, '1999-10-22', 'Male', '5.38', '215.00', 'Delectus exercitationem ut fugit.', '1973-01-31 02:29:42');
INSERT INTO `ClientInitialSurvey` (`survey_id`, `user_id`, `date_of_birth`, `gender`, `height`, `weight`, `fitness_goal`, `last_update`) VALUES (55, 55, '2019-01-06', 'Female', '5.8', '160.00', 'Ab consequatur et officia eveniet quisquam.', '1983-09-16 10:07:01');
INSERT INTO `ClientInitialSurvey` (`survey_id`, `user_id`, `date_of_birth`, `gender`, `height`, `weight`, `fitness_goal`, `last_update`) VALUES (56, 56, '2019-10-05', 'Male', '6.91', '224.00', 'Iure voluptatum quia aut dolorem odio.', '1995-10-18 06:41:46');
INSERT INTO `ClientInitialSurvey` (`survey_id`, `user_id`, `date_of_birth`, `gender`, `height`, `weight`, `fitness_goal`, `last_update`) VALUES (57, 57, '1982-11-02', 'Female', '6.34', '103.00', 'Et dolor sapiente qui ut voluptatem qui et a.', '1997-04-15 21:49:45');
INSERT INTO `ClientInitialSurvey` (`survey_id`, `user_id`, `date_of_birth`, `gender`, `height`, `weight`, `fitness_goal`, `last_update`) VALUES (58, 58, '1981-11-18', 'Male', '6.59', '180.00', 'Ab voluptatum eos porro.', '2010-05-25 18:50:34');
INSERT INTO `ClientInitialSurvey` (`survey_id`, `user_id`, `date_of_birth`, `gender`, `height`, `weight`, `fitness_goal`, `last_update`) VALUES (59, 59, '2008-06-10', 'Other', '6.73', '146.00', 'Earum veritatis minus non facilis ut distinctio.', '1985-05-25 04:55:14');
INSERT INTO `ClientInitialSurvey` (`survey_id`, `user_id`, `date_of_birth`, `gender`, `height`, `weight`, `fitness_goal`, `last_update`) VALUES (60, 60, '2001-06-16', 'Other', '6.07', '246.00', 'Facilis et distinctio et totam.', '1976-02-02 04:10:07');
INSERT INTO `ClientInitialSurvey` (`survey_id`, `user_id`, `date_of_birth`, `gender`, `height`, `weight`, `fitness_goal`, `last_update`) VALUES (61, 61, '2012-06-19', 'Male', '6.07', '158.00', 'Quis qui aut non illum atque est libero.', '2019-03-15 08:03:44');
INSERT INTO `ClientInitialSurvey` (`survey_id`, `user_id`, `date_of_birth`, `gender`, `height`, `weight`, `fitness_goal`, `last_update`) VALUES (62, 62, '2008-02-25', 'Male', '6.76', '158.00', 'Dicta incidunt omnis et.', '1994-08-12 11:37:51');
INSERT INTO `ClientInitialSurvey` (`survey_id`, `user_id`, `date_of_birth`, `gender`, `height`, `weight`, `fitness_goal`, `last_update`) VALUES (63, 63, '2008-09-11', 'Male', '5.28', '225.00', 'Rerum adipisci quia laborum.', '2012-07-18 18:52:44');
INSERT INTO `ClientInitialSurvey` (`survey_id`, `user_id`, `date_of_birth`, `gender`, `height`, `weight`, `fitness_goal`, `last_update`) VALUES (64, 64, '1989-05-30', 'Male', '6.24', '197.00', 'Cupiditate veniam quae deleniti aperiam voluptatum debitis.', '2022-05-08 02:00:01');
INSERT INTO `ClientInitialSurvey` (`survey_id`, `user_id`, `date_of_birth`, `gender`, `height`, `weight`, `fitness_goal`, `last_update`) VALUES (65, 65, '1986-01-18', 'Other', '6.41', '115.00', 'Aliquam et labore quia.', '1977-03-12 09:59:14');
INSERT INTO `ClientInitialSurvey` (`survey_id`, `user_id`, `date_of_birth`, `gender`, `height`, `weight`, `fitness_goal`, `last_update`) VALUES (66, 66, '1972-02-13', 'Male', '6.85', '184.00', 'Reprehenderit expedita alias totam assumenda assumenda.', '1978-07-29 08:05:40');
INSERT INTO `ClientInitialSurvey` (`survey_id`, `user_id`, `date_of_birth`, `gender`, `height`, `weight`, `fitness_goal`, `last_update`) VALUES (67, 67, '1973-01-23', 'Female', '6.76', '104.00', 'Dolores ut magni adipisci repellendus nisi laudantium.', '1981-11-24 21:25:37');
INSERT INTO `ClientInitialSurvey` (`survey_id`, `user_id`, `date_of_birth`, `gender`, `height`, `weight`, `fitness_goal`, `last_update`) VALUES (68, 68, '2014-12-13', 'Other', '6.2', '179.00', 'Ipsum fugit voluptatem laboriosam.', '1970-12-31 23:16:40');
INSERT INTO `ClientInitialSurvey` (`survey_id`, `user_id`, `date_of_birth`, `gender`, `height`, `weight`, `fitness_goal`, `last_update`) VALUES (69, 69, '2001-04-30', 'Other', '6.73', '113.00', 'Id necessitatibus molestias libero tempora omnis sit blanditiis.', '2018-11-22 08:41:14');
INSERT INTO `ClientInitialSurvey` (`survey_id`, `user_id`, `date_of_birth`, `gender`, `height`, `weight`, `fitness_goal`, `last_update`) VALUES (70, 70, '2022-05-07', 'Other', '6.32', '129.00', 'Et quia architecto qui.', '2010-12-27 02:14:34');
INSERT INTO `ClientInitialSurvey` (`survey_id`, `user_id`, `date_of_birth`, `gender`, `height`, `weight`, `fitness_goal`, `last_update`) VALUES (71, 71, '1973-01-25', 'Other', '5.24', '211.00', 'Quod officia laboriosam saepe aut.', '2010-05-14 17:05:30');
INSERT INTO `ClientInitialSurvey` (`survey_id`, `user_id`, `date_of_birth`, `gender`, `height`, `weight`, `fitness_goal`, `last_update`) VALUES (72, 72, '1989-02-07', 'Male', '6.8', '245.00', 'Optio dolorem non autem veritatis aut fuga molestiae.', '2001-05-07 19:50:19');
INSERT INTO `ClientInitialSurvey` (`survey_id`, `user_id`, `date_of_birth`, `gender`, `height`, `weight`, `fitness_goal`, `last_update`) VALUES (73, 73, '2003-12-10', 'Male', '6.36', '170.00', 'Repellendus nulla et explicabo sunt.', '2000-06-30 02:25:08');
INSERT INTO `ClientInitialSurvey` (`survey_id`, `user_id`, `date_of_birth`, `gender`, `height`, `weight`, `fitness_goal`, `last_update`) VALUES (74, 74, '1997-03-17', 'Other', '5.43', '244.00', 'Amet sit facilis consequatur enim illo et aut.', '1977-05-09 04:20:59');
INSERT INTO `ClientInitialSurvey` (`survey_id`, `user_id`, `date_of_birth`, `gender`, `height`, `weight`, `fitness_goal`, `last_update`) VALUES (75, 75, '2010-10-20', 'Other', '5.23', '217.00', 'Aut tenetur quia molestiae et consequatur consequuntur.', '2018-06-25 09:05:21');
INSERT INTO `ClientInitialSurvey` (`survey_id`, `user_id`, `date_of_birth`, `gender`, `height`, `weight`, `fitness_goal`, `last_update`) VALUES (76, 76, '2002-09-25', 'Male', '6.16', '221.00', 'Sed unde illo est quas dolorem.', '2012-09-22 17:39:22');
INSERT INTO `ClientInitialSurvey` (`survey_id`, `user_id`, `date_of_birth`, `gender`, `height`, `weight`, `fitness_goal`, `last_update`) VALUES (77, 77, '1986-04-04', 'Female', '6.59', '170.00', 'Qui voluptatem ex dignissimos sit rerum fuga excepturi.', '1995-08-03 23:20:54');
INSERT INTO `ClientInitialSurvey` (`survey_id`, `user_id`, `date_of_birth`, `gender`, `height`, `weight`, `fitness_goal`, `last_update`) VALUES (78, 78, '2020-05-15', 'Female', '6.02', '200.00', 'Qui nobis voluptas tempora aut corporis asperiores.', '1974-11-22 15:30:49');
INSERT INTO `ClientInitialSurvey` (`survey_id`, `user_id`, `date_of_birth`, `gender`, `height`, `weight`, `fitness_goal`, `last_update`) VALUES (79, 79, '2007-10-03', 'Male', '6.62', '141.00', 'Et quam rem soluta non enim asperiores.', '2016-08-14 10:14:52');
INSERT INTO `ClientInitialSurvey` (`survey_id`, `user_id`, `date_of_birth`, `gender`, `height`, `weight`, `fitness_goal`, `last_update`) VALUES (80, 80, '1994-02-02', 'Male', '6.16', '171.00', 'Eaque tenetur cumque vel et.', '2013-12-19 10:32:43');
INSERT INTO `ClientInitialSurvey` (`survey_id`, `user_id`, `date_of_birth`, `gender`, `height`, `weight`, `fitness_goal`, `last_update`) VALUES (81, 81, '2023-07-13', 'Other', '6.86', '139.00', 'Totam accusantium non quaerat autem.', '1970-05-02 05:48:32');
INSERT INTO `ClientInitialSurvey` (`survey_id`, `user_id`, `date_of_birth`, `gender`, `height`, `weight`, `fitness_goal`, `last_update`) VALUES (82, 82, '1993-06-30', 'Other', '6.3', '235.00', 'Amet impedit doloremque quis ex.', '1982-05-28 06:39:01');
INSERT INTO `ClientInitialSurvey` (`survey_id`, `user_id`, `date_of_birth`, `gender`, `height`, `weight`, `fitness_goal`, `last_update`) VALUES (83, 83, '2020-08-22', 'Other', '5.46', '174.00', 'Ipsa quae hic cumque veniam.', '2021-09-10 10:21:10');
INSERT INTO `ClientInitialSurvey` (`survey_id`, `user_id`, `date_of_birth`, `gender`, `height`, `weight`, `fitness_goal`, `last_update`) VALUES (84, 84, '1990-10-16', 'Female', '5.78', '177.00', 'Occaecati itaque quibusdam pariatur architecto et et.', '1973-08-30 15:19:04');
INSERT INTO `ClientInitialSurvey` (`survey_id`, `user_id`, `date_of_birth`, `gender`, `height`, `weight`, `fitness_goal`, `last_update`) VALUES (85, 85, '2022-08-18', 'Male', '6.29', '106.00', 'Dignissimos dignissimos libero iure dicta.', '2004-03-31 15:19:02');
INSERT INTO `ClientInitialSurvey` (`survey_id`, `user_id`, `date_of_birth`, `gender`, `height`, `weight`, `fitness_goal`, `last_update`) VALUES (86, 86, '2019-01-17', 'Male', '6.1', '186.00', 'Distinctio quisquam in eligendi et vel corrupti est.', '2016-12-22 13:55:16');
INSERT INTO `ClientInitialSurvey` (`survey_id`, `user_id`, `date_of_birth`, `gender`, `height`, `weight`, `fitness_goal`, `last_update`) VALUES (87, 87, '1988-09-12', 'Other', '6.7', '174.00', 'Ut nostrum adipisci dolor veniam.', '2004-11-22 15:41:50');
INSERT INTO `ClientInitialSurvey` (`survey_id`, `user_id`, `date_of_birth`, `gender`, `height`, `weight`, `fitness_goal`, `last_update`) VALUES (88, 88, '1984-05-19', 'Female', '6.45', '230.00', 'Dolores voluptas qui sint et excepturi ab harum.', '2012-05-15 22:45:46');
INSERT INTO `ClientInitialSurvey` (`survey_id`, `user_id`, `date_of_birth`, `gender`, `height`, `weight`, `fitness_goal`, `last_update`) VALUES (89, 89, '2001-05-11', 'Female', '5.24', '146.00', 'Aut dolorem et distinctio architecto molestiae itaque omnis.', '1975-01-22 22:26:45');
INSERT INTO `ClientInitialSurvey` (`survey_id`, `user_id`, `date_of_birth`, `gender`, `height`, `weight`, `fitness_goal`, `last_update`) VALUES (90, 90, '2022-11-22', 'Female', '5.78', '131.00', 'Qui magni a officiis soluta.', '2015-11-27 21:07:13');
INSERT INTO `ClientInitialSurvey` (`survey_id`, `user_id`, `date_of_birth`, `gender`, `height`, `weight`, `fitness_goal`, `last_update`) VALUES (91, 91, '1990-08-20', 'Female', '6.03', '127.00', 'Dolorem omnis hic necessitatibus ab eaque possimus aspernatur.', '2001-09-08 02:14:17');
INSERT INTO `ClientInitialSurvey` (`survey_id`, `user_id`, `date_of_birth`, `gender`, `height`, `weight`, `fitness_goal`, `last_update`) VALUES (92, 92, '2010-05-01', 'Female', '6.29', '218.00', 'Soluta in cupiditate commodi corporis.', '1990-08-05 00:33:57');
INSERT INTO `ClientInitialSurvey` (`survey_id`, `user_id`, `date_of_birth`, `gender`, `height`, `weight`, `fitness_goal`, `last_update`) VALUES (93, 93, '1976-03-13', 'Other', '5.25', '156.00', 'Rem dolor accusantium iure consequuntur ut.', '1988-09-27 22:17:49');
INSERT INTO `ClientInitialSurvey` (`survey_id`, `user_id`, `date_of_birth`, `gender`, `height`, `weight`, `fitness_goal`, `last_update`) VALUES (94, 94, '1990-05-06', 'Female', '5.19', '105.00', 'Ut quia eos mollitia reprehenderit eum explicabo ut.', '1990-09-13 04:52:06');
INSERT INTO `ClientInitialSurvey` (`survey_id`, `user_id`, `date_of_birth`, `gender`, `height`, `weight`, `fitness_goal`, `last_update`) VALUES (95, 95, '2003-03-29', 'Other', '5.68', '159.00', 'Commodi atque sint sapiente quisquam libero.', '2000-12-13 16:39:08');
INSERT INTO `ClientInitialSurvey` (`survey_id`, `user_id`, `date_of_birth`, `gender`, `height`, `weight`, `fitness_goal`, `last_update`) VALUES (96, 96, '2001-12-06', 'Female', '6.07', '205.00', 'Nostrum consequatur aut voluptatem quisquam iusto est expedita.', '2008-12-07 19:27:46');
INSERT INTO `ClientInitialSurvey` (`survey_id`, `user_id`, `date_of_birth`, `gender`, `height`, `weight`, `fitness_goal`, `last_update`) VALUES (97, 97, '1974-05-17', 'Female', '6.99', '118.00', 'Ea excepturi excepturi enim ipsa nisi delectus.', '1984-06-19 10:34:11');
INSERT INTO `ClientInitialSurvey` (`survey_id`, `user_id`, `date_of_birth`, `gender`, `height`, `weight`, `fitness_goal`, `last_update`) VALUES (98, 98, '2017-09-10', 'Other', '6.34', '224.00', 'Et omnis ipsum est aut nihil optio omnis.', '1973-02-05 17:31:21');
INSERT INTO `ClientInitialSurvey` (`survey_id`, `user_id`, `date_of_birth`, `gender`, `height`, `weight`, `fitness_goal`, `last_update`) VALUES (99, 99, '2011-01-29', 'Female', '5.65', '213.00', 'Hic quos incidunt rerum eaque ex.', '1972-02-01 05:48:17');
INSERT INTO `ClientInitialSurvey` (`survey_id`, `user_id`, `date_of_birth`, `gender`, `height`, `weight`, `fitness_goal`, `last_update`) VALUES (100, 100, '1988-09-07', 'Male', '5', '199.00', 'Commodi blanditiis dolores quia tempora officiis.', '2002-09-12 11:02:41');

INSERT INTO `CoachInitialSurvey` (`survey_id`, `user_id`, `certifications`, `experience`, `specializations`, `last_update`) VALUES (1, 1, 'Cupiditate esse quam excepturi fuga in animi hic.', 'Doloremque quibusdam rem rerum.', 'Et illo minima qui rem natus consequuntur.', '1982-01-13 23:59:09');
INSERT INTO `CoachInitialSurvey` (`survey_id`, `user_id`, `certifications`, `experience`, `specializations`, `last_update`) VALUES (2, 2, 'Odio et quasi est non ut rerum.', 'Quis sit non quia unde est aut saepe.', 'Maiores dicta autem saepe impedit veritatis minus molestiae.', '2001-10-10 06:50:03');
INSERT INTO `CoachInitialSurvey` (`survey_id`, `user_id`, `certifications`, `experience`, `specializations`, `last_update`) VALUES (3, 3, 'Voluptas saepe itaque delectus qui.', 'Et officiis sint blanditiis ab est.', 'Illum repudiandae eligendi dicta.', '1971-12-15 07:42:46');
INSERT INTO `CoachInitialSurvey` (`survey_id`, `user_id`, `certifications`, `experience`, `specializations`, `last_update`) VALUES (4, 4, 'Alias accusamus illo magnam non id non qui.', 'Maxime rerum tempora eligendi excepturi molestias quibusdam.', 'Illum delectus harum et nisi.', '1981-08-02 03:44:38');
INSERT INTO `CoachInitialSurvey` (`survey_id`, `user_id`, `certifications`, `experience`, `specializations`, `last_update`) VALUES (5, 5, 'Sint consectetur sapiente nisi aliquid ipsa sed aut.', 'Labore alias eveniet aut amet quo.', 'Voluptatem ipsum minus a aut.', '1999-01-27 01:31:07');
INSERT INTO `CoachInitialSurvey` (`survey_id`, `user_id`, `certifications`, `experience`, `specializations`, `last_update`) VALUES (6, 6, 'Nemo quam non nam.', 'Dignissimos aliquam ut quod rerum quo exercitationem.', 'Illo enim dolorem impedit molestias.', '1983-06-19 14:46:22');
INSERT INTO `CoachInitialSurvey` (`survey_id`, `user_id`, `certifications`, `experience`, `specializations`, `last_update`) VALUES (7, 7, 'Eos earum eaque pariatur accusantium velit.', 'Voluptatum dolorum a tenetur quia aut qui.', 'Minima illum suscipit doloribus quia architecto perspiciatis delectus.', '2005-08-27 18:00:53');
INSERT INTO `CoachInitialSurvey` (`survey_id`, `user_id`, `certifications`, `experience`, `specializations`, `last_update`) VALUES (8, 8, 'Voluptatem sint ipsam sunt ut.', 'Voluptates aut minima et dignissimos animi numquam aperiam.', 'Dolor et omnis assumenda debitis quisquam neque quam.', '1971-10-18 10:13:09');
INSERT INTO `CoachInitialSurvey` (`survey_id`, `user_id`, `certifications`, `experience`, `specializations`, `last_update`) VALUES (9, 9, 'Quis corporis amet et ducimus.', 'Nobis velit quod et.', 'Exercitationem consequatur id aut earum iste voluptatum sint qui.', '2000-04-24 08:27:53');
INSERT INTO `CoachInitialSurvey` (`survey_id`, `user_id`, `certifications`, `experience`, `specializations`, `last_update`) VALUES (10, 10, 'Veniam eum aut ipsa possimus.', 'Repudiandae quas ut nihil asperiores rerum deserunt.', 'Animi earum reprehenderit deserunt cupiditate laborum.', '2003-11-04 07:39:36');
INSERT INTO `CoachInitialSurvey` (`survey_id`, `user_id`, `certifications`, `experience`, `specializations`, `last_update`) VALUES (11, 11, 'Expedita quis repudiandae exercitationem inventore et quos atque.', 'Laborum eos nihil accusamus rem.', 'Voluptatum sed ex eius ex sapiente at aspernatur quaerat.', '2022-09-06 13:52:23');
INSERT INTO `CoachInitialSurvey` (`survey_id`, `user_id`, `certifications`, `experience`, `specializations`, `last_update`) VALUES (12, 12, 'Praesentium deserunt molestias et praesentium.', 'Sapiente quis ab iure magnam expedita.', 'Assumenda vel qui ipsam illo adipisci animi.', '2003-08-04 14:49:45');
INSERT INTO `CoachInitialSurvey` (`survey_id`, `user_id`, `certifications`, `experience`, `specializations`, `last_update`) VALUES (13, 13, 'Mollitia tempora quia illum consequuntur iste ullam quibusdam veniam.', 'Ab consequatur officia ut porro molestias assumenda.', 'Quod ea voluptatem ut.', '2015-11-14 08:41:06');
INSERT INTO `CoachInitialSurvey` (`survey_id`, `user_id`, `certifications`, `experience`, `specializations`, `last_update`) VALUES (14, 14, 'Ut et quis quis cupiditate.', 'Assumenda odit rem harum magnam blanditiis quisquam.', 'Blanditiis asperiores aut porro.', '1978-07-17 20:47:21');
INSERT INTO `CoachInitialSurvey` (`survey_id`, `user_id`, `certifications`, `experience`, `specializations`, `last_update`) VALUES (15, 15, 'Dicta eos non cum dignissimos et ea.', 'Ut voluptates alias qui blanditiis impedit inventore.', 'Ut eum ut aut dolorem qui quia alias facilis.', '1970-05-17 22:19:11');
INSERT INTO `CoachInitialSurvey` (`survey_id`, `user_id`, `certifications`, `experience`, `specializations`, `last_update`) VALUES (16, 16, 'Cumque rerum quam dolores voluptatum voluptatem possimus.', 'Sed eius ratione ut sed nihil vel delectus.', 'Dolor sequi in ut quisquam ex deserunt.', '1981-06-23 06:35:23');
INSERT INTO `CoachInitialSurvey` (`survey_id`, `user_id`, `certifications`, `experience`, `specializations`, `last_update`) VALUES (17, 17, 'Nihil possimus vero eos aut.', 'Reprehenderit voluptas quidem et occaecati nobis quia.', 'Corporis sequi expedita dolores ut.', '1995-02-08 20:57:01');
INSERT INTO `CoachInitialSurvey` (`survey_id`, `user_id`, `certifications`, `experience`, `specializations`, `last_update`) VALUES (18, 18, 'Nulla veniam qui quam et soluta veniam ducimus.', 'Fuga qui exercitationem necessitatibus provident optio.', 'Rerum rerum dolor hic ut.', '1977-07-25 12:58:13');
INSERT INTO `CoachInitialSurvey` (`survey_id`, `user_id`, `certifications`, `experience`, `specializations`, `last_update`) VALUES (19, 19, 'Aut quae rem aperiam illum et mollitia.', 'Et voluptate asperiores provident vel.', 'Quae sit molestias temporibus id quae rerum sint.', '1972-10-21 06:20:47');
INSERT INTO `CoachInitialSurvey` (`survey_id`, `user_id`, `certifications`, `experience`, `specializations`, `last_update`) VALUES (20, 20, 'Commodi culpa doloribus dolorem aut dolor consequatur.', 'Error nesciunt totam qui molestiae in eligendi necessitatibus.', 'Corrupti quasi corrupti ullam sit.', '1976-09-07 10:20:02');
INSERT INTO `CoachInitialSurvey` (`survey_id`, `user_id`, `certifications`, `experience`, `specializations`, `last_update`) VALUES (21, 21, 'Numquam eius sapiente quos non ut id ratione.', 'Omnis ducimus eveniet odit rerum odio qui et.', 'Recusandae fugiat incidunt voluptatem rem.', '1998-03-19 01:17:48');
INSERT INTO `CoachInitialSurvey` (`survey_id`, `user_id`, `certifications`, `experience`, `specializations`, `last_update`) VALUES (22, 22, 'Esse doloremque atque expedita consectetur ullam quibusdam voluptate.', 'Non ut a quasi id minima et magnam.', 'Possimus aut error odit repudiandae odit ea.', '2021-06-19 09:09:37');
INSERT INTO `CoachInitialSurvey` (`survey_id`, `user_id`, `certifications`, `experience`, `specializations`, `last_update`) VALUES (23, 23, 'Explicabo qui porro rerum labore quibusdam.', 'Quod et autem sunt cupiditate soluta consequatur molestias ex.', 'Et et maxime vel sint et minus.', '2023-10-24 13:06:20');
INSERT INTO `CoachInitialSurvey` (`survey_id`, `user_id`, `certifications`, `experience`, `specializations`, `last_update`) VALUES (24, 24, 'Et ut modi qui eligendi.', 'Consequuntur quia fugit amet magni illum molestiae alias repellendus.', 'Enim sunt sunt voluptatibus repudiandae.', '1997-09-24 05:53:06');
INSERT INTO `CoachInitialSurvey` (`survey_id`, `user_id`, `certifications`, `experience`, `specializations`, `last_update`) VALUES (25, 25, 'Iste neque et unde a.', 'Perferendis qui saepe culpa.', 'Esse officia eos tempora et.', '1992-09-25 23:40:07');
INSERT INTO `CoachInitialSurvey` (`survey_id`, `user_id`, `certifications`, `experience`, `specializations`, `last_update`) VALUES (26, 26, 'Fuga quia sed distinctio eaque quisquam voluptatem perferendis.', 'Quia perferendis quisquam atque quod.', 'Nam odit sit minus quia nulla.', '2016-01-21 08:48:06');
INSERT INTO `CoachInitialSurvey` (`survey_id`, `user_id`, `certifications`, `experience`, `specializations`, `last_update`) VALUES (27, 27, 'Excepturi rem facilis quos nostrum facere nobis quod.', 'Dolore sed aut quo commodi distinctio assumenda.', 'Ipsum aspernatur doloribus corrupti dolor exercitationem.', '1988-12-15 15:20:16');
INSERT INTO `CoachInitialSurvey` (`survey_id`, `user_id`, `certifications`, `experience`, `specializations`, `last_update`) VALUES (28, 28, 'Ratione adipisci voluptate ipsa numquam qui sint.', 'Nisi voluptatem temporibus non odit placeat.', 'Eligendi ea ipsam et ut animi ullam fuga.', '1992-11-15 13:30:01');
INSERT INTO `CoachInitialSurvey` (`survey_id`, `user_id`, `certifications`, `experience`, `specializations`, `last_update`) VALUES (29, 29, 'Ducimus adipisci consequatur iusto iste ipsum consequatur.', 'Neque architecto aut reiciendis nisi saepe.', 'Delectus in ea maxime sed iusto a alias.', '1994-04-12 16:26:47');
INSERT INTO `CoachInitialSurvey` (`survey_id`, `user_id`, `certifications`, `experience`, `specializations`, `last_update`) VALUES (30, 30, 'Libero dolorum quo dolor necessitatibus quo cupiditate et.', 'Dicta cumque sunt maiores tempora.', 'Sapiente officia laudantium quas soluta consequatur excepturi aut.', '1975-10-13 22:32:32');
INSERT INTO `CoachInitialSurvey` (`survey_id`, `user_id`, `certifications`, `experience`, `specializations`, `last_update`) VALUES (31, 31, 'Debitis nihil ut omnis quam deleniti.', 'Sit laborum mollitia aperiam quia incidunt optio.', 'Incidunt itaque vel pariatur nihil ut.', '1980-06-28 23:09:12');
INSERT INTO `CoachInitialSurvey` (`survey_id`, `user_id`, `certifications`, `experience`, `specializations`, `last_update`) VALUES (32, 32, 'Ut quidem velit inventore pariatur modi aperiam.', 'Labore alias aut numquam omnis ipsa quia.', 'Fuga aspernatur nulla voluptatem dolorem dignissimos ea.', '1999-03-08 15:37:06');
INSERT INTO `CoachInitialSurvey` (`survey_id`, `user_id`, `certifications`, `experience`, `specializations`, `last_update`) VALUES (33, 33, 'Unde omnis modi pariatur dolore quos voluptatem.', 'Voluptas aspernatur ratione exercitationem inventore aut neque aliquid.', 'Voluptatibus esse fugit reprehenderit repellendus.', '1994-04-02 17:00:11');
INSERT INTO `CoachInitialSurvey` (`survey_id`, `user_id`, `certifications`, `experience`, `specializations`, `last_update`) VALUES (34, 34, 'Modi eius adipisci dolor harum laudantium accusamus.', 'Aperiam dolorum aut nihil et fugit voluptas optio.', 'Beatae blanditiis quia sit minus.', '2015-12-21 01:39:39');
INSERT INTO `CoachInitialSurvey` (`survey_id`, `user_id`, `certifications`, `experience`, `specializations`, `last_update`) VALUES (35, 35, 'Iure eos placeat vero ut pariatur.', 'Minima itaque laudantium expedita quas in eligendi praesentium sit.', 'Mollitia rem molestias occaecati cupiditate expedita nesciunt iste.', '1989-09-23 22:16:56');
INSERT INTO `CoachInitialSurvey` (`survey_id`, `user_id`, `certifications`, `experience`, `specializations`, `last_update`) VALUES (36, 36, 'Reiciendis reiciendis vitae illum excepturi.', 'Aut consequuntur dicta alias.', 'Et fugit beatae deleniti iusto blanditiis nihil.', '2022-11-18 10:31:14');
INSERT INTO `CoachInitialSurvey` (`survey_id`, `user_id`, `certifications`, `experience`, `specializations`, `last_update`) VALUES (37, 37, 'Est voluptatem ut aut.', 'Ipsam eos dolorum quod aut placeat animi repellendus.', 'Excepturi id deserunt odio officiis blanditiis.', '2016-06-02 22:18:49');
INSERT INTO `CoachInitialSurvey` (`survey_id`, `user_id`, `certifications`, `experience`, `specializations`, `last_update`) VALUES (38, 38, 'Voluptatem dolorem et nam quidem ea repudiandae.', 'Hic nulla eum enim labore dicta.', 'Ratione eum animi ipsa natus a culpa.', '1995-09-26 18:03:09');
INSERT INTO `CoachInitialSurvey` (`survey_id`, `user_id`, `certifications`, `experience`, `specializations`, `last_update`) VALUES (39, 39, 'Est fugiat rerum ullam qui et quis.', 'Nesciunt deleniti eligendi non unde qui repellat et quibusdam.', 'Quod unde officiis aut magnam iste totam veniam.', '1978-08-27 19:31:54');
INSERT INTO `CoachInitialSurvey` (`survey_id`, `user_id`, `certifications`, `experience`, `specializations`, `last_update`) VALUES (40, 40, 'Dolores velit nihil quia eos.', 'Dolores aut nemo quibusdam optio voluptatibus.', 'Dolor perspiciatis ratione in quo.', '2001-11-07 12:10:46');
INSERT INTO `CoachInitialSurvey` (`survey_id`, `user_id`, `certifications`, `experience`, `specializations`, `last_update`) VALUES (41, 41, 'Et reprehenderit non ut cum et a.', 'Error illum eos aspernatur enim quam ut.', 'Et sunt voluptatibus non est nihil tempora soluta quisquam.', '2009-09-20 19:13:13');
INSERT INTO `CoachInitialSurvey` (`survey_id`, `user_id`, `certifications`, `experience`, `specializations`, `last_update`) VALUES (42, 42, 'Quam itaque saepe expedita.', 'Libero modi omnis consequatur quis.', 'Illum sit dolores dignissimos consequuntur enim dolorum.', '2011-06-18 03:18:43');
INSERT INTO `CoachInitialSurvey` (`survey_id`, `user_id`, `certifications`, `experience`, `specializations`, `last_update`) VALUES (43, 43, 'Totam dolorem amet similique commodi pariatur ratione odio.', 'Nihil aperiam dolores autem autem ullam incidunt explicabo.', 'Fuga quo tenetur fugiat expedita magnam et quidem explicabo.', '1988-09-27 05:22:48');
INSERT INTO `CoachInitialSurvey` (`survey_id`, `user_id`, `certifications`, `experience`, `specializations`, `last_update`) VALUES (44, 44, 'Et quasi dolorem quos assumenda.', 'Vel porro iusto non facilis a incidunt.', 'Quia quos ratione dicta quod et nobis.', '2006-12-28 10:23:07');
INSERT INTO `CoachInitialSurvey` (`survey_id`, `user_id`, `certifications`, `experience`, `specializations`, `last_update`) VALUES (45, 45, 'Non repellat nemo nihil voluptas maxime.', 'Amet et molestiae quae totam assumenda qui.', 'Cupiditate minima temporibus commodi ratione illum esse et.', '2020-05-11 20:01:05');
INSERT INTO `CoachInitialSurvey` (`survey_id`, `user_id`, `certifications`, `experience`, `specializations`, `last_update`) VALUES (46, 46, 'Veniam nesciunt ut adipisci eligendi itaque.', 'Ipsam quos quisquam non.', 'Dolores ullam et ut.', '1990-12-19 03:47:34');
INSERT INTO `CoachInitialSurvey` (`survey_id`, `user_id`, `certifications`, `experience`, `specializations`, `last_update`) VALUES (47, 47, 'Ducimus qui aliquid doloremque tempore pariatur dolor nostrum.', 'Autem neque voluptatum modi aut.', 'Sit eum voluptas ab numquam reiciendis ea rerum.', '1984-11-06 17:18:25');
INSERT INTO `CoachInitialSurvey` (`survey_id`, `user_id`, `certifications`, `experience`, `specializations`, `last_update`) VALUES (48, 48, 'Sapiente ut voluptatibus aut similique mollitia autem voluptatum quis.', 'Nemo rerum sed ex est.', 'Eligendi modi iste sint.', '2022-11-14 03:24:56');
INSERT INTO `CoachInitialSurvey` (`survey_id`, `user_id`, `certifications`, `experience`, `specializations`, `last_update`) VALUES (49, 49, 'Corporis illum quo ex qui.', 'Rerum velit ut voluptatibus.', 'Facilis consequatur harum et sed et.', '1983-07-19 22:06:01');
INSERT INTO `CoachInitialSurvey` (`survey_id`, `user_id`, `certifications`, `experience`, `specializations`, `last_update`) VALUES (50, 50, 'Sed occaecati distinctio dignissimos est est totam voluptatem.', 'Ducimus dolor culpa eum quod aliquam sapiente.', 'Eius enim ex tenetur accusantium non reiciendis est.', '2021-09-20 03:40:42');
INSERT INTO `CoachInitialSurvey` (`survey_id`, `user_id`, `certifications`, `experience`, `specializations`, `last_update`) VALUES (51, 51, 'Ratione numquam aliquam ut sit et perspiciatis.', 'Hic nam at incidunt sit modi praesentium ullam.', 'Minima qui consectetur quis libero et.', '2011-06-18 10:19:53');
INSERT INTO `CoachInitialSurvey` (`survey_id`, `user_id`, `certifications`, `experience`, `specializations`, `last_update`) VALUES (52, 52, 'Deleniti impedit nihil eius quam quidem.', 'Ullam amet quo est quos earum voluptate quasi.', 'Velit dolor ipsa sequi deleniti repellendus quidem eligendi.', '1999-08-14 15:40:27');
INSERT INTO `CoachInitialSurvey` (`survey_id`, `user_id`, `certifications`, `experience`, `specializations`, `last_update`) VALUES (53, 53, 'Saepe nihil velit et distinctio sed.', 'Ratione voluptatem rerum exercitationem quis distinctio ab.', 'Fuga voluptates vitae distinctio.', '1993-12-01 14:02:48');
INSERT INTO `CoachInitialSurvey` (`survey_id`, `user_id`, `certifications`, `experience`, `specializations`, `last_update`) VALUES (54, 54, 'Exercitationem et voluptatem doloremque eos.', 'Alias optio incidunt ut quia sunt.', 'Aut quam consequatur voluptas.', '2021-12-07 10:40:39');
INSERT INTO `CoachInitialSurvey` (`survey_id`, `user_id`, `certifications`, `experience`, `specializations`, `last_update`) VALUES (55, 55, 'Minima eveniet in optio occaecati reiciendis.', 'Odio officiis fugiat molestiae consequatur vitae eveniet consectetur ea.', 'Voluptate dolor quos nesciunt nobis deleniti ratione temporibus est.', '2016-09-08 01:27:50');
INSERT INTO `CoachInitialSurvey` (`survey_id`, `user_id`, `certifications`, `experience`, `specializations`, `last_update`) VALUES (56, 56, 'Et placeat repellat nesciunt architecto enim.', 'Laborum praesentium molestiae autem dicta labore et.', 'Illum vero eius eveniet et quidem voluptatem tempora ipsum.', '2002-10-04 15:19:59');
INSERT INTO `CoachInitialSurvey` (`survey_id`, `user_id`, `certifications`, `experience`, `specializations`, `last_update`) VALUES (57, 57, 'Voluptatum earum odit dicta et qui corrupti.', 'Aperiam numquam fugiat id vitae nostrum sequi repellendus fugiat.', 'Animi velit inventore non consequatur reiciendis illum.', '1977-01-10 05:57:42');
INSERT INTO `CoachInitialSurvey` (`survey_id`, `user_id`, `certifications`, `experience`, `specializations`, `last_update`) VALUES (58, 58, 'Repellendus placeat dignissimos quia dolorem.', 'Saepe est eligendi ad.', 'Dolores autem excepturi possimus ullam itaque.', '1976-09-18 01:46:10');
INSERT INTO `CoachInitialSurvey` (`survey_id`, `user_id`, `certifications`, `experience`, `specializations`, `last_update`) VALUES (59, 59, 'Dolorem et cupiditate ut culpa occaecati.', 'Aliquid nemo ab excepturi deleniti sed rerum ipsum.', 'Neque delectus pariatur cumque enim.', '1981-10-06 06:03:45');
INSERT INTO `CoachInitialSurvey` (`survey_id`, `user_id`, `certifications`, `experience`, `specializations`, `last_update`) VALUES (60, 60, 'Praesentium error sunt sed voluptatem quos suscipit vel.', 'Provident facere impedit tempora accusantium rerum libero sed.', 'Voluptatibus velit soluta nemo delectus non odit.', '1976-09-25 17:59:29');
INSERT INTO `CoachInitialSurvey` (`survey_id`, `user_id`, `certifications`, `experience`, `specializations`, `last_update`) VALUES (61, 61, 'Illo sit nulla veritatis soluta qui explicabo maiores et.', 'Maiores omnis asperiores doloremque ut temporibus nihil.', 'Quasi ut omnis mollitia impedit voluptatem qui voluptatem sit.', '2011-06-02 06:34:57');
INSERT INTO `CoachInitialSurvey` (`survey_id`, `user_id`, `certifications`, `experience`, `specializations`, `last_update`) VALUES (62, 62, 'Iure ipsa ex quas sunt et nisi.', 'Voluptatibus iure doloremque corporis eligendi.', 'Id ipsam cum quia vel quae.', '2014-11-24 16:09:12');
INSERT INTO `CoachInitialSurvey` (`survey_id`, `user_id`, `certifications`, `experience`, `specializations`, `last_update`) VALUES (63, 63, 'Rerum saepe maiores et ducimus unde.', 'Nam in tenetur debitis sunt.', 'Dolore atque minus cumque officiis aut rerum.', '1972-11-28 11:16:46');
INSERT INTO `CoachInitialSurvey` (`survey_id`, `user_id`, `certifications`, `experience`, `specializations`, `last_update`) VALUES (64, 64, 'Et et maxime sed molestias.', 'Sed aut expedita earum et magnam est.', 'Ut corporis doloribus dicta quia.', '1992-06-08 07:26:15');
INSERT INTO `CoachInitialSurvey` (`survey_id`, `user_id`, `certifications`, `experience`, `specializations`, `last_update`) VALUES (65, 65, 'Quasi assumenda numquam culpa dolor.', 'Quo voluptas nam harum velit asperiores nulla.', 'Ipsam minima enim ducimus maiores.', '1982-04-20 19:37:38');
INSERT INTO `CoachInitialSurvey` (`survey_id`, `user_id`, `certifications`, `experience`, `specializations`, `last_update`) VALUES (66, 66, 'Laborum repellat iusto repellendus numquam labore sit rem.', 'Odio cum sit tempore accusamus eligendi vel.', 'Et sint ut delectus autem.', '1979-08-08 09:19:30');
INSERT INTO `CoachInitialSurvey` (`survey_id`, `user_id`, `certifications`, `experience`, `specializations`, `last_update`) VALUES (67, 67, 'Unde qui fugit nesciunt qui et occaecati.', 'In consequatur molestias sed sit corrupti in aperiam.', 'Sapiente id iure necessitatibus cupiditate.', '1997-08-22 12:38:23');
INSERT INTO `CoachInitialSurvey` (`survey_id`, `user_id`, `certifications`, `experience`, `specializations`, `last_update`) VALUES (68, 68, 'Totam sed aut corrupti provident ad saepe rem fugiat.', 'Ratione voluptatum odio quos non.', 'Molestias eaque beatae eos.', '1992-02-07 06:39:05');
INSERT INTO `CoachInitialSurvey` (`survey_id`, `user_id`, `certifications`, `experience`, `specializations`, `last_update`) VALUES (69, 69, 'Totam voluptatem voluptatem in itaque.', 'Eligendi qui est alias nihil officiis ea.', 'Rerum ipsum dolores ex ut perferendis harum eos.', '2011-12-16 17:41:35');
INSERT INTO `CoachInitialSurvey` (`survey_id`, `user_id`, `certifications`, `experience`, `specializations`, `last_update`) VALUES (70, 70, 'Deserunt facere a et quod ut.', 'Minus praesentium autem omnis consequatur id.', 'Consequatur molestias qui rerum aperiam.', '2015-08-23 18:08:26');
INSERT INTO `CoachInitialSurvey` (`survey_id`, `user_id`, `certifications`, `experience`, `specializations`, `last_update`) VALUES (71, 71, 'Explicabo qui aut corporis velit veniam.', 'Accusantium consequatur sed nobis optio necessitatibus odit.', 'Dolorem fugit eligendi est non.', '1987-06-28 23:31:10');
INSERT INTO `CoachInitialSurvey` (`survey_id`, `user_id`, `certifications`, `experience`, `specializations`, `last_update`) VALUES (72, 72, 'Et veniam unde beatae blanditiis earum.', 'Ipsam impedit sint cum aut at ut.', 'Voluptas ab laborum fuga nemo.', '2010-03-16 05:23:07');
INSERT INTO `CoachInitialSurvey` (`survey_id`, `user_id`, `certifications`, `experience`, `specializations`, `last_update`) VALUES (73, 73, 'Doloremque omnis sit est dolorum quaerat.', 'Tenetur molestiae ea quam quia veniam.', 'Excepturi ut est voluptatem voluptas.', '1983-10-03 17:55:26');
INSERT INTO `CoachInitialSurvey` (`survey_id`, `user_id`, `certifications`, `experience`, `specializations`, `last_update`) VALUES (74, 74, 'Accusantium tenetur dolores et natus nam delectus esse.', 'Reprehenderit reprehenderit aut officiis voluptatibus repellendus ipsa minus.', 'Rerum excepturi facere excepturi nostrum.', '1984-02-07 02:09:31');
INSERT INTO `CoachInitialSurvey` (`survey_id`, `user_id`, `certifications`, `experience`, `specializations`, `last_update`) VALUES (75, 75, 'Temporibus qui accusamus autem debitis est et.', 'Aut possimus at sit ratione nostrum odit dolorem dolorem.', 'Cupiditate temporibus pariatur consequuntur eius ut.', '1996-06-12 16:44:57');
INSERT INTO `CoachInitialSurvey` (`survey_id`, `user_id`, `certifications`, `experience`, `specializations`, `last_update`) VALUES (76, 76, 'Repellat eos deserunt aut tenetur omnis.', 'Aut quisquam culpa voluptatem praesentium.', 'Quaerat repudiandae et et culpa labore rem.', '2008-07-18 12:44:51');
INSERT INTO `CoachInitialSurvey` (`survey_id`, `user_id`, `certifications`, `experience`, `specializations`, `last_update`) VALUES (77, 77, 'Autem et quae facere sunt quia tenetur.', 'Ipsam molestiae et voluptas aut aliquid occaecati necessitatibus.', 'Quasi temporibus quia nesciunt cupiditate tempore natus.', '1975-01-24 22:08:41');
INSERT INTO `CoachInitialSurvey` (`survey_id`, `user_id`, `certifications`, `experience`, `specializations`, `last_update`) VALUES (78, 78, 'Necessitatibus et qui nihil explicabo perspiciatis accusamus facere.', 'Qui reiciendis suscipit modi ut.', 'Voluptatem placeat natus delectus aut.', '1995-02-09 13:36:52');
INSERT INTO `CoachInitialSurvey` (`survey_id`, `user_id`, `certifications`, `experience`, `specializations`, `last_update`) VALUES (79, 79, 'Rerum soluta aut minima quo.', 'Eos qui aut facilis qui.', 'Sit id voluptatum sequi nihil voluptatem.', '2001-12-16 10:46:15');
INSERT INTO `CoachInitialSurvey` (`survey_id`, `user_id`, `certifications`, `experience`, `specializations`, `last_update`) VALUES (80, 80, 'Voluptas dolores voluptatem qui.', 'Soluta ullam inventore fuga est laborum molestiae.', 'Tempore quis voluptatem quae provident.', '1983-03-31 18:14:06');
INSERT INTO `CoachInitialSurvey` (`survey_id`, `user_id`, `certifications`, `experience`, `specializations`, `last_update`) VALUES (81, 81, 'Amet quam amet est earum nemo molestiae repellendus.', 'Nihil velit nobis vel molestiae rerum recusandae.', 'Nihil facilis voluptas quo fugit velit et.', '2004-12-07 10:39:45');
INSERT INTO `CoachInitialSurvey` (`survey_id`, `user_id`, `certifications`, `experience`, `specializations`, `last_update`) VALUES (82, 82, 'Cupiditate iure officiis et quia aut eos.', 'Veritatis placeat ut rerum iusto necessitatibus quia quae ab.', 'Nostrum et dolor aut et.', '2004-02-28 03:53:07');
INSERT INTO `CoachInitialSurvey` (`survey_id`, `user_id`, `certifications`, `experience`, `specializations`, `last_update`) VALUES (83, 83, 'Eos sed sit et voluptas odit.', 'Temporibus velit blanditiis praesentium voluptas cumque.', 'Tempore nulla expedita modi ea corporis placeat pariatur.', '1975-10-18 06:02:07');
INSERT INTO `CoachInitialSurvey` (`survey_id`, `user_id`, `certifications`, `experience`, `specializations`, `last_update`) VALUES (84, 84, 'Quasi sint deserunt laboriosam aut ipsam adipisci et.', 'Voluptas ex soluta cum eaque.', 'Iure officiis maiores rem.', '1981-11-17 08:50:48');
INSERT INTO `CoachInitialSurvey` (`survey_id`, `user_id`, `certifications`, `experience`, `specializations`, `last_update`) VALUES (85, 85, 'Quia et vero vero ducimus suscipit et.', 'Exercitationem quibusdam vel iure vel doloribus error sit repellendus.', 'Quia ducimus hic ut ut.', '2017-06-20 08:21:11');
INSERT INTO `CoachInitialSurvey` (`survey_id`, `user_id`, `certifications`, `experience`, `specializations`, `last_update`) VALUES (86, 86, 'Iusto voluptatem hic dolorem ut sit.', 'Dolorem consectetur at voluptatem veniam libero sunt exercitationem quos.', 'Nam tempora quas quidem corrupti id ut dignissimos.', '2015-11-25 02:39:21');
INSERT INTO `CoachInitialSurvey` (`survey_id`, `user_id`, `certifications`, `experience`, `specializations`, `last_update`) VALUES (87, 87, 'Ullam voluptas fuga suscipit aut aliquid.', 'Reiciendis magni necessitatibus id et.', 'Itaque rerum est alias aliquid eos.', '1994-06-29 16:28:54');
INSERT INTO `CoachInitialSurvey` (`survey_id`, `user_id`, `certifications`, `experience`, `specializations`, `last_update`) VALUES (88, 88, 'Quis ea ab dolorem optio ullam provident distinctio.', 'Voluptatum autem ut dolorum maiores quis.', 'Tempore dolor exercitationem aliquid eum praesentium.', '2019-07-08 01:30:50');
INSERT INTO `CoachInitialSurvey` (`survey_id`, `user_id`, `certifications`, `experience`, `specializations`, `last_update`) VALUES (89, 89, 'Cum voluptatem dicta distinctio fugit qui.', 'Ratione qui voluptas consequuntur.', 'Aut voluptates est inventore et eveniet dolores.', '2017-09-11 23:56:34');
INSERT INTO `CoachInitialSurvey` (`survey_id`, `user_id`, `certifications`, `experience`, `specializations`, `last_update`) VALUES (90, 90, 'Animi omnis itaque nemo excepturi et.', 'A maxime at voluptas voluptates officia omnis iste.', 'Iusto quisquam laudantium ratione odit repudiandae error perferendis.', '1988-07-01 19:08:13');
INSERT INTO `CoachInitialSurvey` (`survey_id`, `user_id`, `certifications`, `experience`, `specializations`, `last_update`) VALUES (91, 91, 'Exercitationem dicta id ut sit qui.', 'Nostrum rerum qui nesciunt eveniet possimus velit.', 'Sequi distinctio temporibus debitis repudiandae quis.', '1973-01-20 01:33:38');
INSERT INTO `CoachInitialSurvey` (`survey_id`, `user_id`, `certifications`, `experience`, `specializations`, `last_update`) VALUES (92, 92, 'Iusto quia saepe earum aperiam qui sint corrupti.', 'Asperiores quia consectetur a ipsam est reiciendis quibusdam.', 'Nemo consequatur doloremque molestias rerum provident rerum nihil.', '2012-04-20 16:45:04');
INSERT INTO `CoachInitialSurvey` (`survey_id`, `user_id`, `certifications`, `experience`, `specializations`, `last_update`) VALUES (93, 93, 'Occaecati et reiciendis optio omnis.', 'Eum libero dolorum recusandae vero quos.', 'Rerum et et harum nam vel aliquam.', '1980-05-28 16:27:58');
INSERT INTO `CoachInitialSurvey` (`survey_id`, `user_id`, `certifications`, `experience`, `specializations`, `last_update`) VALUES (94, 94, 'Dolorem voluptas qui est et facilis in omnis repellendus.', 'Tenetur rerum repellat excepturi repudiandae sint.', 'Et dolorum repudiandae odio et.', '2007-12-15 19:03:26');
INSERT INTO `CoachInitialSurvey` (`survey_id`, `user_id`, `certifications`, `experience`, `specializations`, `last_update`) VALUES (95, 95, 'Aut voluptates cum illum labore voluptas et.', 'Voluptate reprehenderit omnis eius sunt sunt ut.', 'Animi laboriosam ipsam deserunt rem sed.', '2010-09-13 14:57:19');
INSERT INTO `CoachInitialSurvey` (`survey_id`, `user_id`, `certifications`, `experience`, `specializations`, `last_update`) VALUES (96, 96, 'Ut quia nemo eligendi sit.', 'Illo nobis animi non nostrum aut reiciendis nisi nihil.', 'Perferendis modi et quasi sapiente.', '2015-11-15 09:09:45');
INSERT INTO `CoachInitialSurvey` (`survey_id`, `user_id`, `certifications`, `experience`, `specializations`, `last_update`) VALUES (97, 97, 'Nihil nobis esse nesciunt facere est.', 'Nihil aut ut molestias minus non fuga deserunt.', 'Blanditiis sunt et in sint deleniti sit.', '1976-05-11 14:54:01');
INSERT INTO `CoachInitialSurvey` (`survey_id`, `user_id`, `certifications`, `experience`, `specializations`, `last_update`) VALUES (98, 98, 'Non quaerat corrupti et aliquam enim.', 'Qui tenetur blanditiis voluptatibus impedit culpa.', 'Et corrupti corrupti dolore reprehenderit incidunt et voluptatem.', '2015-05-26 09:11:36');
INSERT INTO `CoachInitialSurvey` (`survey_id`, `user_id`, `certifications`, `experience`, `specializations`, `last_update`) VALUES (99, 99, 'Ullam ea molestiae ut sequi.', 'Dolorem ut earum eligendi aut quam aliquid.', 'Iure provident voluptatum sit ratione.', '2018-02-20 14:07:12');
INSERT INTO `CoachInitialSurvey` (`survey_id`, `user_id`, `certifications`, `experience`, `specializations`, `last_update`) VALUES (100, 100, 'Maiores quis ea ipsam in voluptatibus dolor.', 'Sunt error illo officiis inventore ad.', 'Maiores et voluptas eius repudiandae et libero minus quis.', '1978-11-13 10:23:14');

INSERT INTO `DailySurvey` (`user_id`, `date`, `calorie_intake`, `water_intake`, `weight`, `mood`, `last_update`) VALUES (1, '1981-08-03', 1182, 2703, 171, 'upset', '2017-02-26 11:54:36');
INSERT INTO `DailySurvey` (`user_id`, `date`, `calorie_intake`, `water_intake`, `weight`, `mood`, `last_update`) VALUES (2, '1983-12-16', 1068, 2123, 120, 'happy', '1990-03-04 22:28:24');
INSERT INTO `DailySurvey` (`user_id`, `date`, `calorie_intake`, `water_intake`, `weight`, `mood`, `last_update`) VALUES (3, '2012-09-12', 2119, 2037, 190, 'sad', '1991-07-10 10:03:44');
INSERT INTO `DailySurvey` (`user_id`, `date`, `calorie_intake`, `water_intake`, `weight`, `mood`, `last_update`) VALUES (4, '1992-10-13', 1655, 2280, 111, 'neutral', '2023-07-30 05:06:42');
INSERT INTO `DailySurvey` (`user_id`, `date`, `calorie_intake`, `water_intake`, `weight`, `mood`, `last_update`) VALUES (5, '2000-07-07', 2995, 1846, 170, 'neutral', '2016-04-21 22:10:06');
INSERT INTO `DailySurvey` (`user_id`, `date`, `calorie_intake`, `water_intake`, `weight`, `mood`, `last_update`) VALUES (6, '2002-09-15', 1392, 2381, 242, 'happy', '1997-05-28 23:19:08');
INSERT INTO `DailySurvey` (`user_id`, `date`, `calorie_intake`, `water_intake`, `weight`, `mood`, `last_update`) VALUES (7, '1998-04-03', 2935, 2950, 217, 'upset', '2000-02-18 12:16:24');
INSERT INTO `DailySurvey` (`user_id`, `date`, `calorie_intake`, `water_intake`, `weight`, `mood`, `last_update`) VALUES (8, '2003-04-08', 2753, 1119, 165, 'upset', '2007-07-27 13:16:48');
INSERT INTO `DailySurvey` (`user_id`, `date`, `calorie_intake`, `water_intake`, `weight`, `mood`, `last_update`) VALUES (9, '2015-09-30', 1039, 2624, 232, 'upset', '1991-11-30 20:15:51');
INSERT INTO `DailySurvey` (`user_id`, `date`, `calorie_intake`, `water_intake`, `weight`, `mood`, `last_update`) VALUES (10, '2013-01-27', 2242, 2780, 216, 'upset', '2007-08-11 18:22:08');
INSERT INTO `DailySurvey` (`user_id`, `date`, `calorie_intake`, `water_intake`, `weight`, `mood`, `last_update`) VALUES (11, '2011-02-28', 1356, 2023, 137, 'neutral', '2004-01-02 14:35:19');
INSERT INTO `DailySurvey` (`user_id`, `date`, `calorie_intake`, `water_intake`, `weight`, `mood`, `last_update`) VALUES (12, '2014-05-15', 1160, 2484, 175, 'neutral', '1977-11-14 16:51:40');
INSERT INTO `DailySurvey` (`user_id`, `date`, `calorie_intake`, `water_intake`, `weight`, `mood`, `last_update`) VALUES (13, '2005-09-11', 2277, 2909, 172, 'neutral', '1980-07-27 03:50:29');
INSERT INTO `DailySurvey` (`user_id`, `date`, `calorie_intake`, `water_intake`, `weight`, `mood`, `last_update`) VALUES (14, '2018-12-22', 1655, 1150, 192, 'sad', '1987-01-24 18:01:07');
INSERT INTO `DailySurvey` (`user_id`, `date`, `calorie_intake`, `water_intake`, `weight`, `mood`, `last_update`) VALUES (15, '1979-07-14', 1356, 1174, 188, 'upset', '2006-05-12 11:00:36');
INSERT INTO `DailySurvey` (`user_id`, `date`, `calorie_intake`, `water_intake`, `weight`, `mood`, `last_update`) VALUES (16, '1994-11-07', 2690, 2632, 118, 'happy', '2018-06-14 21:20:20');
INSERT INTO `DailySurvey` (`user_id`, `date`, `calorie_intake`, `water_intake`, `weight`, `mood`, `last_update`) VALUES (17, '1981-09-09', 1706, 1421, 235, 'upset', '2008-05-23 08:21:35');
INSERT INTO `DailySurvey` (`user_id`, `date`, `calorie_intake`, `water_intake`, `weight`, `mood`, `last_update`) VALUES (18, '2014-10-08', 2177, 1029, 217, 'upset', '1985-07-05 11:23:10');
INSERT INTO `DailySurvey` (`user_id`, `date`, `calorie_intake`, `water_intake`, `weight`, `mood`, `last_update`) VALUES (19, '1985-04-11', 1930, 2798, 135, 'sad', '2017-01-31 15:44:18');
INSERT INTO `DailySurvey` (`user_id`, `date`, `calorie_intake`, `water_intake`, `weight`, `mood`, `last_update`) VALUES (20, '2016-12-15', 2413, 2207, 167, 'happy', '1999-03-21 09:50:45');
INSERT INTO `DailySurvey` (`user_id`, `date`, `calorie_intake`, `water_intake`, `weight`, `mood`, `last_update`) VALUES (21, '2021-06-30', 2149, 2903, 188, 'upset', '1980-04-09 14:43:53');
INSERT INTO `DailySurvey` (`user_id`, `date`, `calorie_intake`, `water_intake`, `weight`, `mood`, `last_update`) VALUES (22, '2021-11-05', 1964, 2335, 186, 'upset', '1996-11-26 05:36:26');
INSERT INTO `DailySurvey` (`user_id`, `date`, `calorie_intake`, `water_intake`, `weight`, `mood`, `last_update`) VALUES (23, '2023-09-13', 1451, 1277, 162, 'upset', '2019-06-09 16:38:19');
INSERT INTO `DailySurvey` (`user_id`, `date`, `calorie_intake`, `water_intake`, `weight`, `mood`, `last_update`) VALUES (24, '2008-12-14', 1421, 2931, 220, 'upset', '1974-11-24 09:34:09');
INSERT INTO `DailySurvey` (`user_id`, `date`, `calorie_intake`, `water_intake`, `weight`, `mood`, `last_update`) VALUES (25, '1976-02-03', 2622, 2719, 124, 'neutral', '1974-04-04 21:44:53');
INSERT INTO `DailySurvey` (`user_id`, `date`, `calorie_intake`, `water_intake`, `weight`, `mood`, `last_update`) VALUES (26, '1995-01-22', 1779, 2468, 229, 'neutral', '1993-09-01 17:50:09');
INSERT INTO `DailySurvey` (`user_id`, `date`, `calorie_intake`, `water_intake`, `weight`, `mood`, `last_update`) VALUES (27, '1989-03-31', 1422, 1725, 107, 'sad', '1978-10-30 05:11:15');
INSERT INTO `DailySurvey` (`user_id`, `date`, `calorie_intake`, `water_intake`, `weight`, `mood`, `last_update`) VALUES (28, '1974-07-03', 1900, 1360, 160, 'upset', '1992-02-07 08:24:34');
INSERT INTO `DailySurvey` (`user_id`, `date`, `calorie_intake`, `water_intake`, `weight`, `mood`, `last_update`) VALUES (29, '1979-10-31', 2175, 1172, 137, 'neutral', '1999-11-03 18:15:18');
INSERT INTO `DailySurvey` (`user_id`, `date`, `calorie_intake`, `water_intake`, `weight`, `mood`, `last_update`) VALUES (30, '1979-08-16', 2527, 2236, 194, 'neutral', '1988-09-14 08:03:53');
INSERT INTO `DailySurvey` (`user_id`, `date`, `calorie_intake`, `water_intake`, `weight`, `mood`, `last_update`) VALUES (31, '2012-09-22', 2931, 1546, 173, 'neutral', '1978-03-06 18:41:43');
INSERT INTO `DailySurvey` (`user_id`, `date`, `calorie_intake`, `water_intake`, `weight`, `mood`, `last_update`) VALUES (32, '2005-05-09', 2584, 1157, 132, 'upset', '1982-09-10 18:08:02');
INSERT INTO `DailySurvey` (`user_id`, `date`, `calorie_intake`, `water_intake`, `weight`, `mood`, `last_update`) VALUES (33, '2013-12-11', 1330, 1986, 194, 'sad', '2012-10-07 13:23:13');
INSERT INTO `DailySurvey` (`user_id`, `date`, `calorie_intake`, `water_intake`, `weight`, `mood`, `last_update`) VALUES (34, '2022-10-28', 2615, 1618, 167, 'happy', '2019-08-04 02:09:19');
INSERT INTO `DailySurvey` (`user_id`, `date`, `calorie_intake`, `water_intake`, `weight`, `mood`, `last_update`) VALUES (35, '1985-06-21', 2390, 1552, 205, 'sad', '2021-10-26 22:49:17');
INSERT INTO `DailySurvey` (`user_id`, `date`, `calorie_intake`, `water_intake`, `weight`, `mood`, `last_update`) VALUES (36, '2019-12-17', 1452, 1369, 127, 'upset', '2005-07-01 22:51:09');
INSERT INTO `DailySurvey` (`user_id`, `date`, `calorie_intake`, `water_intake`, `weight`, `mood`, `last_update`) VALUES (37, '1973-02-26', 2279, 1199, 219, 'sad', '1980-04-18 21:38:36');
INSERT INTO `DailySurvey` (`user_id`, `date`, `calorie_intake`, `water_intake`, `weight`, `mood`, `last_update`) VALUES (38, '2014-04-23', 1286, 2244, 159, 'sad', '1984-12-25 08:32:00');
INSERT INTO `DailySurvey` (`user_id`, `date`, `calorie_intake`, `water_intake`, `weight`, `mood`, `last_update`) VALUES (39, '2018-08-08', 2913, 2895, 162, 'neutral', '2018-01-06 05:02:42');
INSERT INTO `DailySurvey` (`user_id`, `date`, `calorie_intake`, `water_intake`, `weight`, `mood`, `last_update`) VALUES (40, '1992-10-24', 2783, 2206, 191, 'happy', '1988-11-25 01:46:21');
INSERT INTO `DailySurvey` (`user_id`, `date`, `calorie_intake`, `water_intake`, `weight`, `mood`, `last_update`) VALUES (41, '2022-10-07', 1544, 1997, 200, 'happy', '1985-03-14 21:14:53');
INSERT INTO `DailySurvey` (`user_id`, `date`, `calorie_intake`, `water_intake`, `weight`, `mood`, `last_update`) VALUES (42, '1983-07-28', 1828, 2769, 231, 'upset', '2020-05-15 00:23:26');
INSERT INTO `DailySurvey` (`user_id`, `date`, `calorie_intake`, `water_intake`, `weight`, `mood`, `last_update`) VALUES (43, '1973-09-09', 2372, 1426, 121, 'sad', '2021-10-29 09:22:11');
INSERT INTO `DailySurvey` (`user_id`, `date`, `calorie_intake`, `water_intake`, `weight`, `mood`, `last_update`) VALUES (44, '1970-11-24', 1934, 2492, 214, 'happy', '1986-08-20 23:06:19');
INSERT INTO `DailySurvey` (`user_id`, `date`, `calorie_intake`, `water_intake`, `weight`, `mood`, `last_update`) VALUES (45, '2012-03-02', 2096, 1168, 222, 'happy', '1984-06-19 21:49:57');
INSERT INTO `DailySurvey` (`user_id`, `date`, `calorie_intake`, `water_intake`, `weight`, `mood`, `last_update`) VALUES (46, '2015-02-21', 1419, 1059, 229, 'neutral', '2016-05-18 17:17:10');
INSERT INTO `DailySurvey` (`user_id`, `date`, `calorie_intake`, `water_intake`, `weight`, `mood`, `last_update`) VALUES (47, '1998-03-21', 1269, 1329, 109, 'neutral', '2016-04-19 21:03:08');
INSERT INTO `DailySurvey` (`user_id`, `date`, `calorie_intake`, `water_intake`, `weight`, `mood`, `last_update`) VALUES (48, '1996-11-20', 1885, 2606, 241, 'happy', '1971-11-03 19:58:08');
INSERT INTO `DailySurvey` (`user_id`, `date`, `calorie_intake`, `water_intake`, `weight`, `mood`, `last_update`) VALUES (49, '2000-07-31', 2182, 2660, 138, 'upset', '2016-01-30 04:35:04');
INSERT INTO `DailySurvey` (`user_id`, `date`, `calorie_intake`, `water_intake`, `weight`, `mood`, `last_update`) VALUES (50, '1996-06-27', 1916, 1739, 119, 'neutral', '2015-05-12 14:38:46');
INSERT INTO `DailySurvey` (`user_id`, `date`, `calorie_intake`, `water_intake`, `weight`, `mood`, `last_update`) VALUES (51, '2015-09-11', 1595, 2925, 155, 'neutral', '2014-11-12 13:15:43');
INSERT INTO `DailySurvey` (`user_id`, `date`, `calorie_intake`, `water_intake`, `weight`, `mood`, `last_update`) VALUES (52, '2019-07-07', 2928, 2842, 238, 'neutral', '1978-02-16 11:07:58');
INSERT INTO `DailySurvey` (`user_id`, `date`, `calorie_intake`, `water_intake`, `weight`, `mood`, `last_update`) VALUES (53, '1973-11-06', 2879, 1390, 192, 'neutral', '2002-12-27 06:53:59');
INSERT INTO `DailySurvey` (`user_id`, `date`, `calorie_intake`, `water_intake`, `weight`, `mood`, `last_update`) VALUES (54, '2005-01-05', 2317, 2009, 233, 'neutral', '1982-05-15 04:15:37');
INSERT INTO `DailySurvey` (`user_id`, `date`, `calorie_intake`, `water_intake`, `weight`, `mood`, `last_update`) VALUES (55, '2013-09-26', 2592, 2675, 168, 'neutral', '2017-04-28 12:07:40');
INSERT INTO `DailySurvey` (`user_id`, `date`, `calorie_intake`, `water_intake`, `weight`, `mood`, `last_update`) VALUES (56, '1973-01-08', 1349, 2789, 185, 'sad', '1987-11-12 20:54:04');
INSERT INTO `DailySurvey` (`user_id`, `date`, `calorie_intake`, `water_intake`, `weight`, `mood`, `last_update`) VALUES (57, '1996-04-01', 1334, 2354, 231, 'upset', '1986-05-24 14:27:25');
INSERT INTO `DailySurvey` (`user_id`, `date`, `calorie_intake`, `water_intake`, `weight`, `mood`, `last_update`) VALUES (58, '2012-05-10', 2896, 1724, 239, 'sad', '1972-08-10 20:46:33');
INSERT INTO `DailySurvey` (`user_id`, `date`, `calorie_intake`, `water_intake`, `weight`, `mood`, `last_update`) VALUES (59, '1999-08-14', 1993, 1499, 176, 'sad', '2014-11-03 00:58:22');
INSERT INTO `DailySurvey` (`user_id`, `date`, `calorie_intake`, `water_intake`, `weight`, `mood`, `last_update`) VALUES (60, '2004-06-07', 2090, 1715, 175, 'neutral', '1979-09-27 15:03:17');
INSERT INTO `DailySurvey` (`user_id`, `date`, `calorie_intake`, `water_intake`, `weight`, `mood`, `last_update`) VALUES (61, '1977-02-12', 2201, 2952, 241, 'sad', '1987-03-16 15:08:23');
INSERT INTO `DailySurvey` (`user_id`, `date`, `calorie_intake`, `water_intake`, `weight`, `mood`, `last_update`) VALUES (62, '2018-08-20', 1293, 1507, 159, 'happy', '1998-02-06 13:18:29');
INSERT INTO `DailySurvey` (`user_id`, `date`, `calorie_intake`, `water_intake`, `weight`, `mood`, `last_update`) VALUES (63, '2008-01-21', 1112, 2437, 164, 'upset', '1993-01-08 16:02:41');
INSERT INTO `DailySurvey` (`user_id`, `date`, `calorie_intake`, `water_intake`, `weight`, `mood`, `last_update`) VALUES (64, '1979-05-30', 1299, 2278, 203, 'sad', '1997-04-15 22:05:24');
INSERT INTO `DailySurvey` (`user_id`, `date`, `calorie_intake`, `water_intake`, `weight`, `mood`, `last_update`) VALUES (65, '1973-06-09', 2104, 1539, 122, 'happy', '1997-07-15 23:27:25');
INSERT INTO `DailySurvey` (`user_id`, `date`, `calorie_intake`, `water_intake`, `weight`, `mood`, `last_update`) VALUES (66, '2023-08-16', 1286, 2314, 175, 'upset', '2009-08-13 20:04:49');
INSERT INTO `DailySurvey` (`user_id`, `date`, `calorie_intake`, `water_intake`, `weight`, `mood`, `last_update`) VALUES (67, '1990-01-06', 2718, 1995, 178, 'sad', '1972-10-31 07:45:36');
INSERT INTO `DailySurvey` (`user_id`, `date`, `calorie_intake`, `water_intake`, `weight`, `mood`, `last_update`) VALUES (68, '2014-02-21', 1583, 2723, 242, 'neutral', '2017-10-25 05:43:43');
INSERT INTO `DailySurvey` (`user_id`, `date`, `calorie_intake`, `water_intake`, `weight`, `mood`, `last_update`) VALUES (69, '2006-11-11', 1093, 1808, 211, 'sad', '1972-09-15 00:51:52');
INSERT INTO `DailySurvey` (`user_id`, `date`, `calorie_intake`, `water_intake`, `weight`, `mood`, `last_update`) VALUES (70, '2004-05-28', 1084, 2797, 151, 'sad', '2009-12-31 05:41:27');
INSERT INTO `DailySurvey` (`user_id`, `date`, `calorie_intake`, `water_intake`, `weight`, `mood`, `last_update`) VALUES (71, '1986-04-16', 2330, 2159, 206, 'upset', '1987-02-20 10:42:57');
INSERT INTO `DailySurvey` (`user_id`, `date`, `calorie_intake`, `water_intake`, `weight`, `mood`, `last_update`) VALUES (72, '2006-01-25', 1481, 1683, 228, 'upset', '1985-01-03 22:54:21');
INSERT INTO `DailySurvey` (`user_id`, `date`, `calorie_intake`, `water_intake`, `weight`, `mood`, `last_update`) VALUES (73, '1997-08-17', 1680, 2727, 247, 'upset', '1972-06-17 15:13:33');
INSERT INTO `DailySurvey` (`user_id`, `date`, `calorie_intake`, `water_intake`, `weight`, `mood`, `last_update`) VALUES (74, '1985-04-01', 1614, 1408, 166, 'sad', '2018-02-17 11:59:36');
INSERT INTO `DailySurvey` (`user_id`, `date`, `calorie_intake`, `water_intake`, `weight`, `mood`, `last_update`) VALUES (75, '1991-07-20', 2451, 2504, 208, 'upset', '1984-08-24 07:29:12');
INSERT INTO `DailySurvey` (`user_id`, `date`, `calorie_intake`, `water_intake`, `weight`, `mood`, `last_update`) VALUES (76, '1989-05-05', 2113, 1117, 224, 'sad', '1972-08-22 07:45:36');
INSERT INTO `DailySurvey` (`user_id`, `date`, `calorie_intake`, `water_intake`, `weight`, `mood`, `last_update`) VALUES (77, '1986-01-05', 1738, 1065, 126, 'sad', '2002-09-25 08:36:51');
INSERT INTO `DailySurvey` (`user_id`, `date`, `calorie_intake`, `water_intake`, `weight`, `mood`, `last_update`) VALUES (78, '2021-12-24', 2260, 2536, 215, 'neutral', '1975-11-04 01:04:19');
INSERT INTO `DailySurvey` (`user_id`, `date`, `calorie_intake`, `water_intake`, `weight`, `mood`, `last_update`) VALUES (79, '2003-02-10', 2713, 2213, 153, 'sad', '2003-06-11 11:12:12');
INSERT INTO `DailySurvey` (`user_id`, `date`, `calorie_intake`, `water_intake`, `weight`, `mood`, `last_update`) VALUES (80, '2022-03-31', 2488, 2340, 208, 'sad', '2009-09-17 02:55:52');
INSERT INTO `DailySurvey` (`user_id`, `date`, `calorie_intake`, `water_intake`, `weight`, `mood`, `last_update`) VALUES (81, '2010-05-09', 1763, 2645, 165, 'happy', '1979-11-24 01:33:24');
INSERT INTO `DailySurvey` (`user_id`, `date`, `calorie_intake`, `water_intake`, `weight`, `mood`, `last_update`) VALUES (82, '2015-08-19', 2264, 1792, 221, 'neutral', '2012-08-30 08:27:11');
INSERT INTO `DailySurvey` (`user_id`, `date`, `calorie_intake`, `water_intake`, `weight`, `mood`, `last_update`) VALUES (83, '1975-08-22', 2514, 2114, 173, 'sad', '1979-05-14 19:05:53');
INSERT INTO `DailySurvey` (`user_id`, `date`, `calorie_intake`, `water_intake`, `weight`, `mood`, `last_update`) VALUES (84, '1988-09-30', 1663, 1818, 137, 'upset', '2015-09-16 10:03:03');
INSERT INTO `DailySurvey` (`user_id`, `date`, `calorie_intake`, `water_intake`, `weight`, `mood`, `last_update`) VALUES (85, '1986-12-01', 1334, 1135, 216, 'sad', '1975-11-01 00:35:05');
INSERT INTO `DailySurvey` (`user_id`, `date`, `calorie_intake`, `water_intake`, `weight`, `mood`, `last_update`) VALUES (86, '2010-01-29', 2234, 1033, 128, 'upset', '2022-09-08 02:23:51');
INSERT INTO `DailySurvey` (`user_id`, `date`, `calorie_intake`, `water_intake`, `weight`, `mood`, `last_update`) VALUES (87, '2009-07-20', 2698, 1912, 127, 'sad', '1971-04-22 21:53:04');
INSERT INTO `DailySurvey` (`user_id`, `date`, `calorie_intake`, `water_intake`, `weight`, `mood`, `last_update`) VALUES (88, '1995-06-14', 1421, 1738, 110, 'happy', '1986-07-06 10:27:37');
INSERT INTO `DailySurvey` (`user_id`, `date`, `calorie_intake`, `water_intake`, `weight`, `mood`, `last_update`) VALUES (89, '2020-07-18', 2186, 1091, 176, 'upset', '1973-10-08 00:19:22');
INSERT INTO `DailySurvey` (`user_id`, `date`, `calorie_intake`, `water_intake`, `weight`, `mood`, `last_update`) VALUES (90, '2009-06-29', 2633, 1172, 142, 'neutral', '1975-03-17 10:24:58');
INSERT INTO `DailySurvey` (`user_id`, `date`, `calorie_intake`, `water_intake`, `weight`, `mood`, `last_update`) VALUES (91, '2007-07-10', 2302, 2604, 211, 'neutral', '1985-05-12 13:07:19');
INSERT INTO `DailySurvey` (`user_id`, `date`, `calorie_intake`, `water_intake`, `weight`, `mood`, `last_update`) VALUES (92, '1989-07-13', 2685, 1158, 107, 'upset', '2000-03-03 21:25:36');
INSERT INTO `DailySurvey` (`user_id`, `date`, `calorie_intake`, `water_intake`, `weight`, `mood`, `last_update`) VALUES (93, '1973-04-28', 1276, 2265, 163, 'neutral', '1991-12-01 14:09:05');
INSERT INTO `DailySurvey` (`user_id`, `date`, `calorie_intake`, `water_intake`, `weight`, `mood`, `last_update`) VALUES (94, '1974-07-26', 2032, 1410, 237, 'neutral', '1991-07-31 03:19:07');
INSERT INTO `DailySurvey` (`user_id`, `date`, `calorie_intake`, `water_intake`, `weight`, `mood`, `last_update`) VALUES (95, '2010-11-10', 2663, 2952, 132, 'upset', '2006-04-25 07:29:54');
INSERT INTO `DailySurvey` (`user_id`, `date`, `calorie_intake`, `water_intake`, `weight`, `mood`, `last_update`) VALUES (96, '2005-12-20', 2351, 2510, 222, 'sad', '1996-03-08 18:39:24');
INSERT INTO `DailySurvey` (`user_id`, `date`, `calorie_intake`, `water_intake`, `weight`, `mood`, `last_update`) VALUES (97, '1980-10-31', 1283, 2316, 236, 'happy', '1998-10-24 20:20:39');
INSERT INTO `DailySurvey` (`user_id`, `date`, `calorie_intake`, `water_intake`, `weight`, `mood`, `last_update`) VALUES (98, '2021-11-27', 1253, 2398, 194, 'upset', '1987-01-31 19:36:24');
INSERT INTO `DailySurvey` (`user_id`, `date`, `calorie_intake`, `water_intake`, `weight`, `mood`, `last_update`) VALUES (99, '1994-07-25', 1540, 2074, 127, 'upset', '1982-09-27 17:34:25');
INSERT INTO `DailySurvey` (`user_id`, `date`, `calorie_intake`, `water_intake`, `weight`, `mood`, `last_update`) VALUES (100, '1987-06-07', 1490, 2418, 137, 'happy', '1996-11-26 05:13:23');

insert into DailySurvey (user_id, date, calorie_intake, water_intake, weight) values (1, '2023-04-06', 1991, 1248, 157);
insert into DailySurvey (user_id, date, calorie_intake, water_intake, weight) values (1, '2023-10-26', 2011, 1492, 150);
insert into DailySurvey (user_id, date, calorie_intake, water_intake, weight) values (1, '2023-02-25', 2209, 1858, 160);
insert into DailySurvey (user_id, date, calorie_intake, water_intake, weight) values (1, '2023-04-23', 1521, 1171, 151);
insert into DailySurvey (user_id, date, calorie_intake, water_intake, weight) values (1, '2023-10-14', 1674, 1125, 159);
insert into DailySurvey (user_id, date, calorie_intake, water_intake, weight) values (1, '2023-05-11', 1713, 1141, 159);
insert into DailySurvey (user_id, date, calorie_intake, water_intake, weight) values (1, '2023-09-24', 2033, 1520, 154);
insert into DailySurvey (user_id, date, calorie_intake, water_intake, weight) values (1, '2023-09-12', 2178, 1971, 157);
insert into DailySurvey (user_id, date, calorie_intake, water_intake, weight) values (1, '2023-04-05', 1627, 1011, 156);
insert into DailySurvey (user_id, date, calorie_intake, water_intake, weight) values (1, '2023-10-09', 1910, 1980, 151);
insert into DailySurvey (user_id, date, calorie_intake, water_intake, weight) values (1, '2023-09-01', 1751, 1873, 156);
insert into DailySurvey (user_id, date, calorie_intake, water_intake, weight) values (1, '2023-03-24', 1762, 1946, 152);
insert into DailySurvey (user_id, date, calorie_intake, water_intake, weight) values (1, '2023-03-12', 1642, 1652, 159);
insert into DailySurvey (user_id, date, calorie_intake, water_intake, weight) values (1, '2023-07-12', 2040, 1890, 153);
insert into DailySurvey (user_id, date, calorie_intake, water_intake, weight) values (1, '2023-01-28', 2189, 1458, 154);
insert into DailySurvey (user_id, date, calorie_intake, water_intake, weight) values (1, '2023-06-13', 2032, 1334, 160);
insert into DailySurvey (user_id, date, calorie_intake, water_intake, weight) values (1, '2023-03-01', 2263, 1100, 151);
insert into DailySurvey (user_id, date, calorie_intake, water_intake, weight) values (1, '2022-11-23', 2385, 1760, 150);
insert into DailySurvey (user_id, date, calorie_intake, water_intake, weight) values (1, '2023-08-19', 1669, 1564, 157);
insert into DailySurvey (user_id, date, calorie_intake, water_intake, weight) values (1, '2023-08-07', 2396, 1371, 150);
insert into DailySurvey (user_id, date, calorie_intake, water_intake, weight) values (1, '2023-07-29', 1904, 1908, 157);
insert into DailySurvey (user_id, date, calorie_intake, water_intake, weight) values (1, '2022-12-27', 2335, 1609, 158);
insert into DailySurvey (user_id, date, calorie_intake, water_intake, weight) values (1, '2023-10-05', 2238, 1891, 155);
insert into DailySurvey (user_id, date, calorie_intake, water_intake, weight) values (1, '2023-09-29', 1808, 1182, 155);
insert into DailySurvey (user_id, date, calorie_intake, water_intake, weight) values (1, '2022-11-28', 1832, 1572, 153);
insert into DailySurvey (user_id, date, calorie_intake, water_intake, weight) values (1, '2022-12-25', 1812, 1091, 155);
insert into DailySurvey (user_id, date, calorie_intake, water_intake, weight) values (1, '2023-09-16', 1917, 1409, 152);
insert into DailySurvey (user_id, date, calorie_intake, water_intake, weight) values (1, '2023-03-20', 2391, 1210, 154);
insert into DailySurvey (user_id, date, calorie_intake, water_intake, weight) values (1, '2023-06-06', 2163, 1888, 158);
insert into DailySurvey (user_id, date, calorie_intake, water_intake, weight) values (1, '2023-05-17', 2405, 1295, 157);
insert into DailySurvey (user_id, date, calorie_intake, water_intake, weight) values (1, '2023-09-13', 2134, 1983, 152);
insert into DailySurvey (user_id, date, calorie_intake, water_intake, weight) values (1, '2023-04-04', 1775, 1577, 158);
insert into DailySurvey (user_id, date, calorie_intake, water_intake, weight) values (1, '2023-09-19', 1869, 1528, 153);
insert into DailySurvey (user_id, date, calorie_intake, water_intake, weight) values (1, '2023-08-11', 1848, 1243, 152);
insert into DailySurvey (user_id, date, calorie_intake, water_intake, weight) values (1, '2022-12-05', 1973, 1688, 150);
insert into DailySurvey (user_id, date, calorie_intake, water_intake, weight) values (1, '2023-03-17', 2332, 1444, 152);
insert into DailySurvey (user_id, date, calorie_intake, water_intake, weight) values (1, '2023-04-21', 2157, 1737, 150);
insert into DailySurvey (user_id, date, calorie_intake, water_intake, weight) values (1, '2023-04-07', 2012, 1257, 150);
insert into DailySurvey (user_id, date, calorie_intake, water_intake, weight) values (1, '2023-11-20', 2224, 1857, 154);
insert into DailySurvey (user_id, date, calorie_intake, water_intake, weight) values (1, '2023-01-10', 2472, 1317, 153);
insert into DailySurvey (user_id, date, calorie_intake, water_intake, weight) values (1, '2023-02-27', 1838, 1811, 158);
insert into DailySurvey (user_id, date, calorie_intake, water_intake, weight) values (1, '2023-07-06', 1766, 1026, 157);
insert into DailySurvey (user_id, date, calorie_intake, water_intake, weight) values (1, '2023-11-13', 2294, 1575, 153);
insert into DailySurvey (user_id, date, calorie_intake, water_intake, weight) values (1, '2023-05-07', 2315, 1611, 155);
insert into DailySurvey (user_id, date, calorie_intake, water_intake, weight) values (1, '2023-04-09', 1784, 1311, 159);
insert into DailySurvey (user_id, date, calorie_intake, water_intake, weight) values (1, '2023-07-11', 2239, 1402, 160);
insert into DailySurvey (user_id, date, calorie_intake, water_intake, weight) values (1, '2023-05-29', 2353, 1347, 159);
insert into DailySurvey (user_id, date, calorie_intake, water_intake, weight) values (1, '2023-10-21', 1862, 1887, 151);
insert into DailySurvey (user_id, date, calorie_intake, water_intake, weight) values (1, '2023-05-23', 1946, 1185, 156);
insert into DailySurvey (user_id, date, calorie_intake, water_intake, weight) values (1, '2022-11-27', 2264, 1596, 152);
insert into DailySurvey (user_id, date, calorie_intake, water_intake, weight) values (1, '2023-08-18', 2056, 1967, 151);
insert into DailySurvey (user_id, date, calorie_intake, water_intake, weight) values (1, '2023-06-01', 2075, 1792, 153);
insert into DailySurvey (user_id, date, calorie_intake, water_intake, weight) values (1, '2023-07-20', 2272, 1592, 150);
insert into DailySurvey (user_id, date, calorie_intake, water_intake, weight) values (1, '2023-02-23', 1706, 1659, 158);
insert into DailySurvey (user_id, date, calorie_intake, water_intake, weight) values (1, '2023-07-31', 2234, 1705, 150);
insert into DailySurvey (user_id, date, calorie_intake, water_intake, weight) values (1, '2023-08-26', 1612, 1375, 158);
